checkpoint,epoch,step,dev_total_loss,selected_best,model_sha256,audit_pass
step_000000200,1,200,1.7975510713883809,False,09dc200806d24e276173c22d0ec59c6b6a1235aec21c97df6f052bdc1a5c8a00,True
step_000000400,2,400,1.5160627614600317,False,f9b0c9ba53fb44ea55a5570c4e6e5dc056485cc60b7650b146d75ac63ef219fa,True
step_000000600,3,600,1.602169611014071,False,a4c5164913fc07b43809f40585665500fa7479978e5fb247ea5403380b46c2ab,True
step_000000800,4,800,1.4506800674824487,False,d5579b762064989e698308637676a86839b82c07da8171b97812dfae489c662d,True
step_000001000,5,1000,1.5965137793691384,False,3a835ee786fb342fc1f44b41eea213aa895aa9d3d7173d34dc1d98dadcab9d8b,True
step_000001200,6,1200,1.410397570990026,False,104c1a245085a953ca6abd21bee82a26cf7e64d7c7e5a476c3cb7492844f773f,True
step_000001400,7,1400,1.4189574863939058,False,26c3e93c151ae2b1b0b54a3b68a2c1bab48fa9955c816eee971c7fc87d4af9b4,True
step_000001600,8,1600,1.4243971209689266,False,ea4f4234399d594e1e7b90c6e63c046fadd22856bffef37805e2b71bd7de59de,True
step_000001800,9,1800,1.4010109961174784,False,d0a583126534a1ad84e82c86727b2ca241512433d3de904db6720eb4bdcd58d5,True
step_000002000,10,2000,1.3516128184007745,True,14dba40d2de437f082aece9b342931a48c58202ae4242d577d4a4ffd7eecaab3,True
step_000002200,11,2200,1.4833695972835024,False,7d008597d3c941fa6f3617adb6dba34c7385a01a20cff1436c657ca3588eb195,True
step_000002400,12,2400,1.538823042891565,False,70943e10ea57f630652105483e74613722080a14ae988ec9ea3d5dca372a06ed,True
step_000002600,13,2600,1.5441059811129456,False,590a06c069044f2818d66eb6ba5aeffa850096058dfea49923dffd769887edd8,True
step_000002800,14,2800,1.4143113840832597,False,2212fce099f1aa57bb8dd572fa48e334a78ff1ad1f3df82396ab1553371cfa44,True
step_000003000,15,3000,1.5698360829339142,False,5961a7d7fe39fac6a107d37a70df8469130d4c4775dceca2c659f5dc3528656e,True
