scientific_status,epoch,step,selected_by_min_dev_total_loss,train_epoch_mean_total_loss,dev_total_loss,dev_heatmap_weighted_contribution,dev_answerability_weighted_contribution,dev_source_weighted_contribution,answerability_macro_f1,family_equal_found_point_in_target,sample_found_point_in_target,sample_found_mass_in_target,false_found_count,false_found_denominator,false_found_rate,predicted_found_count,predicted_found_denominator,predicted_found_coverage,dev_family_count,dev_variant_count,found_grounding_variant_count,epochs_without_improvement
EXPLORATORY_DEV_ONLY,1,200,False,2.3557310211658478,1.7975510713883809,0.779845552785056,0.5360559982061386,0.4816495203971863,0.46495866433390076,0.6708333333333333,0.6071428571428571,0.29852403752445206,6,95,0.06315789473684211,143,400,0.3575,80,400,168,0
EXPLORATORY_DEV_ONLY,2,400,False,1.6949008333683013,1.5160627614600317,0.6496086376053947,0.4152627247571945,0.4511913990974426,0.691972473843129,0.7583333333333333,0.6964285714285714,0.43749504068834133,5,95,0.05263157894736842,135,400,0.3375,80,400,168,0
EXPLORATORY_DEV_ONLY,3,600,False,1.483162779211998,1.602169611014071,0.6454713521968751,0.5072836402058601,0.44941461861133575,0.4833536310550777,0.7979166666666667,0.7321428571428571,0.4446970828898361,8,95,0.08421052631578947,123,400,0.3075,80,400,168,1
EXPLORATORY_DEV_ONLY,4,800,False,1.3514167001843453,1.4506800674824487,0.6763838116256964,0.35725538536906243,0.41704087048768995,0.6736389500575081,0.825,0.7738095238095238,0.5367043307445241,7,95,0.07368421052631578,153,400,0.3825,80,400,168,0
EXPLORATORY_DEV_ONLY,5,1000,False,1.234297902137041,1.5965137793691384,0.6182200465173948,0.5007238541543484,0.4775698786973953,0.5815816225003942,0.8354166666666666,0.8035714285714286,0.48517885696073143,12,95,0.12631578947368421,158,400,0.395,80,400,168,1
EXPLORATORY_DEV_ONLY,6,1200,False,1.11127886608243,1.410397570990026,0.6163388676941395,0.3795512295886874,0.4145074737071991,0.681937017231135,0.7979166666666667,0.7738095238095238,0.5387729337505062,5,95,0.05263157894736842,118,400,0.295,80,400,168,0
EXPLORATORY_DEV_ONLY,7,1400,False,0.9743964950740337,1.4189574863939058,0.6185450587599051,0.38298255011439325,0.41742987751960753,0.6898443181970293,0.8354166666666666,0.8154761904761905,0.5661290323463695,7,95,0.07368421052631578,135,400,0.3375,80,400,168,1
EXPLORATORY_DEV_ONLY,8,1600,False,0.8290430832654238,1.4243971209689266,0.5950580144389754,0.3829061920940876,0.44643291443586347,0.7233604605738934,0.8333333333333334,0.8154761904761905,0.547589502875998,25,95,0.2631578947368421,216,400,0.54,80,400,168,2
EXPLORATORY_DEV_ONLY,9,1800,False,0.7913710197806358,1.4010109961174784,0.5782774147533235,0.38060078516602514,0.4421327961981297,0.7360955697126793,0.85625,0.8452380952380952,0.5394476720584584,22,95,0.23157894736842105,196,400,0.49,80,400,168,0
EXPLORATORY_DEV_ONLY,10,2000,True,0.7176680234074593,1.3516128184007745,0.5441514873611075,0.3683292642235756,0.4391320668160915,0.7420238435082854,0.8583333333333334,0.8571428571428571,0.5450539907083362,9,95,0.09473684210526316,142,400,0.355,80,400,168,0
EXPLORATORY_DEV_ONLY,11,2200,False,0.6565957946330309,1.4833695972835024,0.540876225878795,0.44427299220114946,0.498220379203558,0.7277643335815339,0.8729166666666666,0.8690476190476191,0.5949955535186983,19,95,0.2,172,400,0.43,80,400,168,1
EXPLORATORY_DEV_ONLY,12,2400,False,0.6308315446972848,1.538823042891565,0.5521235494386583,0.4623685098439455,0.5243309836089611,0.6682927312572239,0.8625,0.8511904761904762,0.6334195174254663,24,95,0.25263157894736843,197,400,0.4925,80,400,168,2
EXPLORATORY_DEV_ONLY,13,2600,False,0.5762979166209697,1.5441059811129456,0.5347494984134322,0.47506812795996667,0.5342883547395467,0.7018906043842106,0.8604166666666666,0.8630952380952381,0.6104760143659037,28,95,0.29473684210526313,200,400,0.5,80,400,168,3
EXPLORATORY_DEV_ONLY,14,2800,False,0.5430484040826559,1.4143113840832597,0.5175589302643424,0.4014947421103716,0.4952577117085457,0.7522597256279464,0.8604166666666666,0.8630952380952381,0.6006337352233989,21,95,0.22105263157894736,185,400,0.4625,80,400,168,4
EXPLORATORY_DEV_ONLY,15,3000,False,0.5192092653363943,1.5698360829339142,0.5324619842604512,0.4822324957698584,0.5551416029036045,0.7295895447796933,0.8770833333333334,0.875,0.622736259388872,25,95,0.2631578947368421,193,400,0.4825,80,400,168,5
