scientific_status,epoch,step_start,step_end,global_gradient_preclip_median,global_gradient_preclip_q05,global_gradient_preclip_q95,steps_above_clip_threshold,steps_total,fraction_above_clip_threshold,target_head_gradient_median,answer_head_gradient_median,source_head_gradient_median,target_head_nonzero_steps,answer_head_nonzero_steps,source_head_nonzero_steps
EXPLORATORY_DEV_ONLY,1,1,200,3.9642646312713623,2.884500336647034,6.701256752014159,47,200,0.235,0.8542547026998021,2.0680131973076135,0.950258560348172,199,200,200
EXPLORATORY_DEV_ONLY,2,201,400,4.852216005325317,2.948160767555237,10.02282648086546,96,200,0.48,0.47172885808353715,2.483844295162796,1.0716868154138994,198,200,200
EXPLORATORY_DEV_ONLY,3,401,600,4.910816192626953,2.6156365513801574,8.453991031646725,96,200,0.48,0.5027623414529014,2.456259346450548,1.0731804075849969,199,200,200
EXPLORATORY_DEV_ONLY,4,601,800,4.928182363510132,2.6346521377563477,9.143565988540649,97,200,0.485,0.48296483107949517,2.3028513054361346,1.1592567711637374,199,200,200
EXPLORATORY_DEV_ONLY,5,801,1000,5.235990762710571,3.0479077458381654,9.620090675354003,112,200,0.56,0.4693326483350807,2.414336515549869,1.248005569827305,196,200,200
EXPLORATORY_DEV_ONLY,6,1001,1200,5.549777507781982,2.6665094017982485,10.654034423828124,116,200,0.58,0.4363572935568307,2.3532722189713473,1.3257013674767761,199,200,200
EXPLORATORY_DEV_ONLY,7,1201,1400,4.8554816246032715,2.7046562671661376,10.416657829284668,97,200,0.485,0.44449682276605207,1.799411247252252,1.281736736954105,198,200,200
EXPLORATORY_DEV_ONLY,8,1401,1600,5.1097540855407715,2.2267159938812258,9.389920663833614,103,200,0.515,0.4899078420799971,1.6367756250138201,1.2492733904560303,193,200,200
EXPLORATORY_DEV_ONLY,9,1601,1800,5.14403223991394,2.7577315449714663,12.946486330032347,103,200,0.515,0.5393915806170544,1.6996162362321945,1.199446114391811,199,200,200
EXPLORATORY_DEV_ONLY,10,1801,2000,4.815063238143921,2.5230099320411683,10.755089139938352,90,200,0.45,0.48483823551137173,1.3687209217825935,1.0613217910706034,199,200,200
EXPLORATORY_DEV_ONLY,11,2001,2200,4.767650365829468,2.194558548927307,10.710269498825063,95,200,0.475,0.465208137066723,1.3293250614704437,1.0569529525399832,196,200,200
EXPLORATORY_DEV_ONLY,12,2201,2400,4.488249063491821,2.075719249248505,12.454561138153057,83,200,0.415,0.4191034237666962,1.188092039849935,1.0094907348469406,199,200,200
EXPLORATORY_DEV_ONLY,13,2401,2600,4.412246465682983,2.3893845677375793,11.247615242004393,80,200,0.4,0.40468494676137423,1.1424702814541075,0.953013304185014,199,200,200
EXPLORATORY_DEV_ONLY,14,2601,2800,4.337648868560791,2.0536232948303224,10.35027294158935,81,200,0.405,0.38815510623857685,1.0791605118572682,0.8565179713616107,197,200,200
EXPLORATORY_DEV_ONLY,15,2801,3000,3.8946739435195923,1.816544771194458,9.883979129791259,64,200,0.32,0.32736031815686617,0.925713681452313,0.8393117609739678,199,200,200
