seed,epoch,global_step,checkpoint,manifest_sha256,model_sha256,training_state_sha256,metadata_sha256,selection_value,eligible_for_best
24082026,1,200,results/pcra_u_runs/pcra_u_development_v1_1_campaign_20260824_seed_24082026/checkpoints/development/step_000000200,41be05b1a160746abe13bd1cbcb8ef7e1566d5e6436260da62f0d29561fe0ce4,c28116ed4c6af65b9778e3b12fb865f2b7723746cccf5691d1eb9aaa8e9c58fb,e4f8a250b1f606370d402697196692fd38779214ab8464fa55dd464fbe6fe51a,6574c9fb4902ccf0bf9b0cdfee8f4afd6e4a8d88249fe41875a7e0f7a4f76f64,0.46620436133547705,False
24082026,2,400,results/pcra_u_runs/pcra_u_development_v1_1_campaign_20260824_seed_24082026/checkpoints/development/step_000000400,5f73805f1b0ba29e773f4c150c467b85f4884f5dd76ef0737f7418ac38e8afea,5cbe9f274a2b8eb010459c3ca96c33a0642f58f14fdea0268d31fedc016b6a09,f7eda5212475bdca53331446f0a3371be27bccf00d02df911282bb5776912685,8c1295004d064814c3e5a0d6b8256e29b45160e49a79aa356af695fc22d7810b,0.47728192952700643,False
24082026,3,600,results/pcra_u_runs/pcra_u_development_v1_1_campaign_20260824_seed_24082026/checkpoints/development/step_000000600,835bef167809c7102f5b2b02650542c669d8dbe3a661ef6d1e6089b187bbb9f1,51bd0fc3a5630929a951516fe2dce7cddd8b51cdd10acc59f4f00b5dd8536e8f,86eb92d48568587a4a34870ae7422c0aadc781870a662627ae032478e4b0d2fa,9f6683d06e06989ccf112c7cca9eeb9d08be16327f9ba45b81a673caefe08572,0.49230843154690507,False
24082026,4,800,results/pcra_u_runs/pcra_u_development_v1_1_campaign_20260824_seed_24082026/checkpoints/development/step_000000800,8b24b83d0e4d623075035470f3aab7b7945dd120a5d226b4db7481df19095e74,76f0e071e1f21f70d678f95f0ede9684ae9750c82bb08833af826923ae93f625,19afdba340a506ec6988c054082aa6f61c5cb578da336ca268e226b52419e440,8b60f970b92ec572cca5531353df758cc81bfc7aa299614449aff84ce08dcc46,0.49496019418748005,False
24082026,5,1000,results/pcra_u_runs/pcra_u_development_v1_1_campaign_20260824_seed_24082026/checkpoints/development/step_000001000,db1d7af865ae35639f004d4a6579e8bcf4ec230dabe561a70c1b298cf6f7673a,a75930183b3dff2acca268b8850e6767585993871822a5ea6b49b3a0f5054c08,37263bef19fe4bb33af2d30678455e35ad989d2b8b5ee4e9ba7ce1a203c2495d,ab4747f898db965c514f3433e8f2a8f149fc5f07f8d778d9b4edacf66d388415,0.5665330786840825,False
24082026,6,1200,results/pcra_u_runs/pcra_u_development_v1_1_campaign_20260824_seed_24082026/checkpoints/development/step_000001200,d48e5b71f585e1474ba53b3b315534ee9da3bd947ef7b02b5859d797eef20e51,55c5d40ce7238e854e0af429297a86e0f2fef2320e748bf8670da2608c8574ea,7266611a42be9557e8f4c40d2f2b4f395952b496ce4e44727b8fd3d06f2c64bc,05f721db91bfd55c8c0954ae18fe4c9d5872c79be8b6316a3e7b5fedde6f7be6,0.5377363034034347,False
24082026,7,1400,results/pcra_u_runs/pcra_u_development_v1_1_campaign_20260824_seed_24082026/checkpoints/development/step_000001400,9eebfc4932832e24ddcda7e4521f8b527da862f2d073b7fd5227a466ae4c6882,06c212b9d571902ae3af2da362bf96f6d2bdfc7d60dc7344dd6714b3a68a53e4,a3b29f5d0587368972a92d04068c2fff0765dad28074e775c40fb6ab0357fdeb,1bebe61c0d9ba9ac255ae93cc4c6d53ac7eab1e18ec7b6e513241f00fe9e50fb,0.5921766973844531,False
24082026,8,1600,results/pcra_u_runs/pcra_u_development_v1_1_campaign_20260824_seed_24082026/checkpoints/development/step_000001600,f508418c62afeb751ea63b3a91cca2b98e4b0cf31b7f5a47d553a516d542612d,862776e7da71940cb5e75a2571dba9b45fc4966d3e40b0d529dbb3972444e5ff,6680fd47428dc401b1ec83ae8a29f0045bfe241f3b2d9d59b05feeae5bcc2946,a419b7097d8834b45881bc7a96ab4ac067e2fd924c759f97a1f75910523b12d6,0.6054110843893539,False
24082026,9,1800,results/pcra_u_runs/pcra_u_development_v1_1_campaign_20260824_seed_24082026/checkpoints/development/step_000001800,7aa41a12bc6f23e84c48ab6f63228626576f3bed144f6043226051d4a2bbe974,dd51f30da678294c3e56bbf446189ce1d00a76b7431fb53008cce638c3691bf4,dcaf3bb5d560c392e89aba06d4a6f9881f38afbdbdd609bbc51f5aa208a527ae,b332e7000cb506747667117982d9c7c8b42f7db9510065bbe415202a2023ed44,0.615961041318638,False
24082026,10,2000,results/pcra_u_runs/pcra_u_development_v1_1_campaign_20260824_seed_24082026/checkpoints/development/step_000002000,bb5d0dcf8358cf3dc6250aecc4a68a52fa8000d7b3aed10c6e948e5304687156,76899d6f694b461c39a30eca1858279a1e88b1972b34d456f701f24afb0bb966,9b11dda9f0b77d0a8dada4ce838cc9d869f3da6f19a1f0ce2ac3d00b625d48ab,1a49f5e136474f6195bcfd53627dd265b3a47aaa4d66ea0378a9ee3fd9389477,0.6091325549186599,False
24082026,11,2200,results/pcra_u_runs/pcra_u_development_v1_1_campaign_20260824_seed_24082026/checkpoints/development/step_000002200,0c7f4ac6059902008b2e1049c28056e884746d55bf9738b4cc7d10533e66cafd,7b8bf9019b7fa2297d7db393be2657d6ea75f86953d57d327d1a291b24606cbe,0ea3fcafa1900424cee1444bbabd5c4e37421948dbdb63308ac427ddd09203b7,bc47ab06c70109e79085679244046979225dbc74f32db0e87a4f41142653ea1a,0.6059629210129872,False
24082026,12,2400,results/pcra_u_runs/pcra_u_development_v1_1_campaign_20260824_seed_24082026/checkpoints/development/step_000002400,9a2ce66f07208c2a017a2dbf101f3373b342d152ea9439158f7bda0dbdc738e1,24377ac9b2b4ff4f38105b2699ab7fb8b19118e3f3607a1062cf07832f50353f,221e9ea25d2e4cdaa1438accc291eb59bc4e41d39237ff97d1c4185cdf4c8522,349414fe409df0e7c2e5a0b14bfc09b4202d12af1c0f7fc132f8c0ef232d33af,0.6150543425872373,False
24082026,13,2600,results/pcra_u_runs/pcra_u_development_v1_1_campaign_20260824_seed_24082026/checkpoints/development/step_000002600,445318955b08f973ca771c8f8429c0bc2664224ea3b6bb6e21d292cdbd10f36a,528b2d93c8edd53dac9822720d65f5a06fe384efb5adf7f9871a47ea3452a318,ff4f62fb6ef3298c12cbcd3fa056cd80b856889ce60a1b8fdd458a9c7b45c7fa,c9f9dcd1520a5c755ed14529db2968966578085f9f8de24684be3b9227e4e8b6,0.6307147179853343,False
24082026,14,2800,results/pcra_u_runs/pcra_u_development_v1_1_campaign_20260824_seed_24082026/checkpoints/development/step_000002800,559eb544ee4e11aa9f7fa9b219f9a3735e96b96e6c1b98580aee58391166d7c5,7946d6e8b86ab80504334cc35e383cc56b951d71547fb1ed377b54d2f38816ef,f2e3f4d063a31685f2aedf2e2f3d28ff877d07d407a4d5e3fa99991e9258af31,220af9ed19a3cd279ca162ab0dac0b6072caf0990e37274c958ce8799a57a977,0.6026879814570373,False
24082026,15,3000,results/pcra_u_runs/pcra_u_development_v1_1_campaign_20260824_seed_24082026/checkpoints/development/step_000003000,13127446c27fb278e06eb14c30a930b91b4930450a0f8e9822c8cbc2223fddb8,d72fed9771a9c84242950a3e860c03c7f49bf581198963bb8ad47a9dddf78171,584b204377f91a80ba38376d69fce41feeebd44a0bc27f31a92c97d7b54de6cd,c803e1f88c6e4c0ef9a6068b709448d40b242e786c027d77070410a43e485e29,0.6409171055142063,False
24082026,16,3200,results/pcra_u_runs/pcra_u_development_v1_1_campaign_20260824_seed_24082026/checkpoints/development/step_000003200,da7284720560003fdef80c42662f0c2879f3d40bcf00e72cc32fd1a6b281cc6c,db4814118c48fd61cd9a6d6a35653dce7b87bc68292d16a5f63b86d8d5f3d2fa,fba3bfd1019a029ac3c3707b5583c77811eba959bf3fde5acb20a776e776dbbf,898d3ecbfbdbc04a62a1a8a662a5232a48020adf1f0f0707333a5a1bfb2e73e4,0.6576033505541237,False
24082026,17,3400,results/pcra_u_runs/pcra_u_development_v1_1_campaign_20260824_seed_24082026/checkpoints/development/step_000003400,a64459e0d009019c0d2bfce9f00b4894e0523e88e41ac19493a4d296be05bbb2,22c93451530ff6b7f8f6444e3792f86938f8b21def3505233999a8fa27d59093,9a63eccf8981c9acad5709b477e0a97d35ad3db0817f3782e81d45d62745a6f5,16a95d006845211b78abf5c602f91d153180c40a7836f469433ec00c091eec46,0.6570767019035822,False
24082026,18,3600,results/pcra_u_runs/pcra_u_development_v1_1_campaign_20260824_seed_24082026/checkpoints/development/step_000003600,c89376d9c2d886286c5ac6fe90a984aaefbac71696e7103008fdfe2329492487,253a97127d135f5a417b3180bf4b667cfb8a27b036588930728ff7a3afe562e9,feafe879a89ba066c1531a8160f220055b32392f8800c1eca965c6f534d88b5b,dd34efc00ad4137253b93d758d6f72f8e18571a2a8ce24f553a052973967ae5c,0.6589504178071809,False
24082026,19,3800,results/pcra_u_runs/pcra_u_development_v1_1_campaign_20260824_seed_24082026/checkpoints/development/step_000003800,becb3821076b632707a9d7b75456f10f6b0093ec798c788ae49fd54bd4d9dd69,ca4a4b549f25f4c632fedd8d47f1a4f9c5285edcaf5ee237b49bc363f8423070,b0a1ccba614b369ff57f0b1bb0aa59b59e6b259c557638d962b88c239299a457,a1279411af172a73630ede7914fa939fb5249121d5186b27c297593db05af4da,0.6600680003558089,False
24082026,20,4000,results/pcra_u_runs/pcra_u_development_v1_1_campaign_20260824_seed_24082026/checkpoints/development/step_000004000,bbae2ae0d8d9ffcaef51446940ff721b6d6bcfc9a6df610e3d0d3e69bf3eb4f6,83176d11e58ea24ae0add600bdd9c2f886ddb61241728a547d294aa1d88e3a9c,ed49f83ae3ca31377f2166648b370ec2d69aeee3c1b236e43130778eb61ab708,bbf0200bbe5184e3ec1f7806a6479f533a28c33e376f17a727b069d3905a79d1,0.6552282186573145,False
24082027,1,200,results/pcra_u_runs/pcra_u_development_v1_1_campaign_20260824_seed_24082027/checkpoints/development/step_000000200,9e5e3e48eb919fbebfe94fb63bc41bb179763d42e10da70c748262421885bea6,59efc52308be13f3f4ca81328abc09d5433ab5ce6de54b2d92c72e8a9e98cd21,3cfad4ea294ff26a3c6351d47c30b1c3414027f2a6ccf32f684568430d1d354e,c2441609b07d2cc47c761fad586ca71bd2de85a1d1b8d09c0767bb1012d06934,0.4504139025178139,False
24082027,2,400,results/pcra_u_runs/pcra_u_development_v1_1_campaign_20260824_seed_24082027/checkpoints/development/step_000000400,0c5658353237ae6eabbbc233709ae59ac34a34f3a4465f2a7d88b54f4bd712dd,6aa162b157b8b82f63ad83711710779c3b5c28ce344351548add48ceb9a36af7,77c018f87eec5f619ffcee51b7a51def9aa1315ed2db4638ee8916093d146513,d450588f212608a02dd0a859240944d140dca7bafbb02b5cad90cc3498b68570,0.4723871396837791,False
24082027,3,600,results/pcra_u_runs/pcra_u_development_v1_1_campaign_20260824_seed_24082027/checkpoints/development/step_000000600,0ac1a2e6b208d33ecf8d2d1c414ebcc40c072c587cf81b24db7ea0620d4b7387,66749d10b6038cc7d571846592319560b0929f12fd9e9a6bb0b697fc94a96e63,ed3b2c78b004d40b7961898ef8fda589743a22ae12be5fc27dac00b2c53f0e81,9b606d6c19ae79a10d15277db8bb503239416d54dcc972ede781d6e8f09033f2,0.5246162424905763,False
24082027,4,800,results/pcra_u_runs/pcra_u_development_v1_1_campaign_20260824_seed_24082027/checkpoints/development/step_000000800,a61129556c0964d172c54add6bb8e60043291890f58ea1ce105db7e05b434279,7e1df072d27ac1d4aef7a30b09e3028e779f9d85d439a4baa325b8b4cc98a6ca,fe64ad459e7a9511685a4744974f025844580cbcc1227328753aec14adef4ee9,23ac1599c39a9b855de6db9d24e5919f04abb207fc26dd3f258924672a5f57ec,0.5400183677231338,False
24082027,5,1000,results/pcra_u_runs/pcra_u_development_v1_1_campaign_20260824_seed_24082027/checkpoints/development/step_000001000,a03d244a5f51018760e0caabb42c11a79b34c42482a0f1e7d1e09570bbd11137,ae2463d9bbb8d76306e4c69dd425f8a23d4aeac5bb01128c322bc1dab190af31,3b7bb75948f951c6307be69d87cdc74801fc7feb7b647a08c9b70f52f5862a5c,5075d3097ef470c89bed2d0c9b62bb4cb0122ecd97edcaa8dde70e61fa746c72,0.579553489490109,False
24082027,6,1200,results/pcra_u_runs/pcra_u_development_v1_1_campaign_20260824_seed_24082027/checkpoints/development/step_000001200,73754b06be3b0c067e3394500f90d2bf64aa861b1e0451eaba761e00105762b0,3f3746f49d340ffaf69c86d35e643fac3f05fa88c1555126d7b943b75b419518,4393e652b89b64e2e936ddca86e9c21b21d00fc31ff045cab63b460a6aec91d5,cb4528b7396419d9b5b04beb4bbad90c73cb6592e8e5eef2b70c296bd5dda266,0.655861592160048,False
24082027,7,1400,results/pcra_u_runs/pcra_u_development_v1_1_campaign_20260824_seed_24082027/checkpoints/development/step_000001400,7368f8dce5ce2a11bb35851392c072cb3ff9af223adad4d475b853a80984aed1,8a39bc60778c3204fad87f3650dc7ccf51d8e9ed25d4e7d819479eb0c59d4828,1d2218c31a9eaad11403f70e26eafc91127665f71960b0dcd96bbcf6a788d27e,cd8a97181b654f7d4cfc02475c94609064f8c8761e6f58736d5bd248f00572da,0.6389518808053667,False
24082027,8,1600,results/pcra_u_runs/pcra_u_development_v1_1_campaign_20260824_seed_24082027/checkpoints/development/step_000001600,54a4f5f180d5e4ba8c3aaa5da33e4923f908d39050712fc8ee6da09be9773e85,4d8ade82a669020229da97ed8be333d718a15c73649f5cd9cb705c76e9ab7fbb,4791634d1417f9c2accd3235a10a5d05a2bd594d14baec69b55ccf9b1143b3ca,3a52998d11fc7550f1c2226c6743fa7264f849879e6a4816b63fd78f3dd2ad82,0.6106460664916017,False
24082027,9,1800,results/pcra_u_runs/pcra_u_development_v1_1_campaign_20260824_seed_24082027/checkpoints/development/step_000001800,d7c353deecab2505af4763d09ecb4ff1be2702871848cc1810942723483130ca,4017810c7546cbbfbbc53f8cc5f11d152c1edc5ef5499838472af7a44ab2d458,613b25f9cda0a314053d86d6af90232155e51717ba039220d85a77e7d0124665,94b92be0d5a80e27a15da4f926d603165b21aa73158564f1373c9ee6f859e939,0.5941891413240693,False
24082027,10,2000,results/pcra_u_runs/pcra_u_development_v1_1_campaign_20260824_seed_24082027/checkpoints/development/step_000002000,d54a05786cbad2a49b64a24d5ea1d0eaaebde9f9b09fda25600c2424871b6b78,b25e3c1969edec610ab9d906fc32effd11433f660e3e148b424bd4b85c78758d,c633cbbf21e524e8ec7e3d196c11c0eec26bae3936da54c121c2de7a1d45cffb,2b03416515cde9a3e98729ebf9a57c907536bb5dbd29e186bd1d68d2aca8c6d7,0.6252953804530483,False
24082027,11,2200,results/pcra_u_runs/pcra_u_development_v1_1_campaign_20260824_seed_24082027/checkpoints/development/step_000002200,b601c77deb23aca8936b142a15cf6c396dd9dd3fd82d4d60b300e064da3bc517,1d06f867192f59219754dba033c3cebf974c18aa60cb2541ca51a03f03b60a41,eefc0ffe5a996d4426d99a450db2cf65fee0aecce502565c3525eab4cf0a6f2a,e7935f7fa16515e71e766ac6b537e8fbfd04feeb0a6498c56dad43d21a400839,0.6129277471527047,False
24082027,12,2400,results/pcra_u_runs/pcra_u_development_v1_1_campaign_20260824_seed_24082027/checkpoints/development/step_000002400,0785b291f6b3b1505d380f23a4f81e40120e66b101c43503b371ff142b8af350,aa6d40a344e306e73a151fb2f44d64e5c8f6ead65b3b9c8011ca0ea0a9dedf29,b3cdaa2075c6393091584091fa49a6893151dbb5c745192e12b5a09b18a46734,8ab96bd51cc846922f4a80e0be6e61880dcdd1b5b65c340811bbd1f0a8d03e87,0.6219795426373821,False
24082027,13,2600,results/pcra_u_runs/pcra_u_development_v1_1_campaign_20260824_seed_24082027/checkpoints/development/step_000002600,0ba07bc659abd09bfa4d331842feddb0f00ece3a1ace4c56362a9eb483074c7a,dc4856473e4fc557739aec9d2e16bcc81dc741c4cd01bbc3bea8a75c3902a645,4dad158c1be3b24bd6a19552db462a74971fa845769ee80fada242601ccb4052,1d652cc11453c4d641ffdeee4e9bf8a92322494defc478aac9263fb18a451b3c,0.624051556585788,False
24082027,14,2800,results/pcra_u_runs/pcra_u_development_v1_1_campaign_20260824_seed_24082027/checkpoints/development/step_000002800,6178f7c38eec4800cfa86c5b6a1d64f5df1b84cd43fa8a9401f6e705787ba50d,36c61ca4fabdea3d25ac1fd8a1fadc08115568859567812d2fd4aedb02cddd72,6594a8cf8ba52cd144bd7893db1b6367981dc2d88f1d36ff5f967b5eba5d35d8,40a581af0fae828ba41143e4bff6069338061d3a3a8b2b829cfe75e0a0c9d353,0.6257313929468497,False
24082027,15,3000,results/pcra_u_runs/pcra_u_development_v1_1_campaign_20260824_seed_24082027/checkpoints/development/step_000003000,23f0212b23e1c113b08491773e6f65d86ec9a626b74fc63ea994716030512a33,b013ef066c56ecfcd6d615e6cdfdc2806fdc246e076bf7977c399234a09a7bac,e23960320b6d48efcef80e5581cab4f2f6afc49b41f5dabfacf48e59ab439555,d9d5b2b73953331a592677a09f484ffc817f97dc1431f9437f251fd3abe06d31,0.6179701754749098,False
24082027,16,3200,results/pcra_u_runs/pcra_u_development_v1_1_campaign_20260824_seed_24082027/checkpoints/development/step_000003200,6b9ba1ae97c6f674a56f565e3098c0cc277fd51d7dc1f895482ec6a4f1897c15,60260afc9db3a47b8fd6551199a03dad9dd97303054bb407ee81095d7eb894b1,51d8840c7a89417b93d20b148dc2830c7c574bf0e1d7983e330d1c39e93cfd04,4a22f567c6fd72a440b0b3b15f3375ce2116c275f57f0d441c998911da28f60a,0.6198098158824915,False
24082027,17,3400,results/pcra_u_runs/pcra_u_development_v1_1_campaign_20260824_seed_24082027/checkpoints/development/step_000003400,509498f1202ad3eceb3377b114cd88d334adc076c53654ac45f954e1d26943ac,54f89ac2dcbf15ddb170a4832028a7a38046d6be5f58a2d7cc1b9b54b7da930f,e14794fc06c2a790d49486a9aca2ec59723bd4578561f3f13da28bf5bdf7a91a,efa82621423db8292569cd97f49e6b0a63de982d3a918eca5c5942f01dd75f63,0.628281210180333,False
24082027,18,3600,results/pcra_u_runs/pcra_u_development_v1_1_campaign_20260824_seed_24082027/checkpoints/development/step_000003600,4d7959ce72b0bcb6fcd07a32b15b40de04542b7df487a0e6e9d75862c7a4edc1,bf205ac5fa3beb1cdd5831748220ab07148ace4dcd9a2d5fcc27f44e7719a35b,69a7ca84e38f4fe58400b02d698d8d753aae3c41a9706bfc6369e8172fdae717,3aab1b1a8a212d5ee421b29b9034c2fbaa5b0b1331672f577351c2f8e06a8c20,0.6203818669140021,False
24082027,19,3800,results/pcra_u_runs/pcra_u_development_v1_1_campaign_20260824_seed_24082027/checkpoints/development/step_000003800,fa35e4a24a5049f00d0c3d902601746cdb5f0907fd52667030e0c6b2acf30637,5a8e1334992e1ae40d006b77f5356eaa5a978fad5b70ba9caf921e01ece3b8ca,e40e44e3841ad0dd72ab53c64398e97b314b43b3beaa0e367fdb29f60239f7c6,91683be89102bc82122eac830fa119ced8c14cada4b3ba110cd7243bb6a3f4ac,0.6211851398288205,False
24082027,20,4000,results/pcra_u_runs/pcra_u_development_v1_1_campaign_20260824_seed_24082027/checkpoints/development/step_000004000,50ab1ba7757d0ae77fa67a5cdf085e1627d0a5e697f568c90ece24c2fac2a1d4,bd59417be338479f457e2d3727a4bfaf65a7e6054aa0556088fec777ae039bc6,9605506435b0445ef0494f4b896cb808b9a2b7f15c249900c71efcadeba11c31,bfa8e1cfbcdb76ff03d063eb3203d3d36ba1c328608e4e6173ef2371039f2e6d,0.6218205424637328,False
24082028,1,200,results/pcra_u_runs/pcra_u_development_v1_1_campaign_20260824_seed_24082028/checkpoints/development/step_000000200,067494253021764b6c830ba6d710a979c0c4b9e0528739dd7615554485cbe592,bfc018662bea2fa41e50ef0a79fe13335be781f33adeec7fd36e36cc91a37c30,2713d0d674990762ad13d611db2cd6b084cdbf8e383b8d796555a07ed00396af,5873866355840d154f0a19547b9b5eb976bda786e71615d8b09e1a4f8831daec,0.46926873730582475,False
24082028,2,400,results/pcra_u_runs/pcra_u_development_v1_1_campaign_20260824_seed_24082028/checkpoints/development/step_000000400,25ef43635b9416756ca9bef0b688d4e47c43cd5f1894e16ae6d330ad00ea3f1b,0110e2fed48978562e934cb82ad0691206fbafaa37f4f454fa657059e05a6378,a61de0ae27ef2283f0ae89bbbe8702f1659498e48c25c8f624499a5bd8e9e5bc,75c3bcdbb950f577779873c6df30aa0803516998f5048cef0b35a893bbb95a05,0.4432712134220508,False
24082028,3,600,results/pcra_u_runs/pcra_u_development_v1_1_campaign_20260824_seed_24082028/checkpoints/development/step_000000600,0c2bd9e80c740365d9ba70653746b664029ec711f8770af38a881305652bde8b,c33298162d2322ff82e4fae0a414df69ef3d4d9366bb209bc8dd03d13ac0d2df,455f45a68988a790afa7b8b471131b1c2772f90a282f6489f06bfacc7f7830e4,2d61b540e2ea158fef8604e647c7151049de143913a86aa19283e3cb7a5bc604,0.42618284995597866,False
24082028,4,800,results/pcra_u_runs/pcra_u_development_v1_1_campaign_20260824_seed_24082028/checkpoints/development/step_000000800,d0226878cddf9879a65d7643c0512c2e8c2ef076bfbf238aead2fe4678e19b6a,48d08ca8a9cfb033006eda05bb7dacd12ef213f301e99c1fff74b084108ca756,00049639039baca9c6b7e1565aa184d7e829c7b29bbbcf68c3b81478124bb523,a28ab580d46250917b45dc33b8b2a8085035dc29c9369eb5eb1b8d8340d375fe,0.4838181466932135,False
24082028,5,1000,results/pcra_u_runs/pcra_u_development_v1_1_campaign_20260824_seed_24082028/checkpoints/development/step_000001000,130d4ab8dd48d5bf3ddf12e830cbf9710c9ae5954ea3f2be0d717b3054295f11,e57a1e3fbca29e432d75962cea58d336185afa5637da802edebdb61442643b87,c0838cbaa39a7257720efb4be198fa80e23ec10f5ec8e861881b47a32ff51863,9ac714f68d2e14031d0696ea7ad6bfc11f7467de0701887c6e325b95c01d8c05,0.4914615778735506,False
24082028,6,1200,results/pcra_u_runs/pcra_u_development_v1_1_campaign_20260824_seed_24082028/checkpoints/development/step_000001200,6127ff7086a7d2892d4be96040204ce53c732e3f1da3a1a908212ed25d589b54,84968ffa83ecd72737c111dc5d0828b441c4f8ee34a02b6b5f09b8e1e2b4a303,4e136725a31369c3e10efa129c6a5de8eb57893e50ac903f5f4c3517ec362f7e,0ac823259cc2d844fb2c0f9d5b393ee6868b797dbbe2ee39e08a2786e63d2efb,0.6172217017394073,False
24082028,7,1400,results/pcra_u_runs/pcra_u_development_v1_1_campaign_20260824_seed_24082028/checkpoints/development/step_000001400,3ea1bcb55360db4ace69ebcf47503d0cb4e221971c94de416ea4e72345bbf84e,2c7cb82637703c6bf7250c98208b79c062fad4b9cc9a48628e72c4f4d31a24dd,5fd2276cc544fa8648fd4a3257add9d3d3e4bcbfff00226d95db4603f72c98ce,6490933b6bfb1442ee8c1cdbc5476887d29c35622db45934e5d43dd506882348,0.5713247709851351,False
24082028,8,1600,results/pcra_u_runs/pcra_u_development_v1_1_campaign_20260824_seed_24082028/checkpoints/development/step_000001600,e5604edb2282b61d53a4b44e87ff35841b90011335b8e338c0f71541c16c71e5,e14bd691d46ac6861aa07e40a69fd33e7f3fa091e8892817a9c90d8a5ec68b55,2e1c0e08c0faa4c68a177cefaf4d8e446ad49cea60a489a50b61581e6cc02cb2,a9bf7656348caaada739e432e8469bfab3aace7e03ddaf139fc532eba171faa8,0.6310009656290464,False
24082028,9,1800,results/pcra_u_runs/pcra_u_development_v1_1_campaign_20260824_seed_24082028/checkpoints/development/step_000001800,25defb4b551983b379579849d8ae7f253e963adebe7d4a34b69e70f497eb9e53,4b03cbf1f6f717db007ed4d57561fd6332b28ed3e8584589199f7c19859be821,017a656400062671bae0395dafdbc4790d465cb9552716b0b00487226d0b4b30,189482cb20599481b420a967c0aaaecfcfc5fe6d69d97fc35222431fac591ab4,0.6136795975981849,False
24082028,10,2000,results/pcra_u_runs/pcra_u_development_v1_1_campaign_20260824_seed_24082028/checkpoints/development/step_000002000,fd24f090fa495c56b10e380e2e36ca74dafc82c8203cd9966fb887e8a8b94593,36acc52cce44c1aad82134dc9faf024b2111e8134a1e7dc9239d1d1a1719a37e,7ac8cc99d3a6c16749745aee2797da3eb5c5c52d50d2976979b95141d9eee9e9,278c35f70d1a500c1f5c5330807e98d069951364fcf0abf57dfe8270db11917f,0.6348337403828115,False
24082028,11,2200,results/pcra_u_runs/pcra_u_development_v1_1_campaign_20260824_seed_24082028/checkpoints/development/step_000002200,1ab051f9baf663c0c52753a98e589dae1cc437dfec355a3157ba40f11583d5d7,0679f595f54efb5be2286ffc09d4558de792753006148b641733fd3050f50080,2b400aa274ef5669dd7eebb11eabaa14b61ea77ab3c431945095981832b94517,418319a88ec8159cd990529612f6ba3d723c646bf38e5692f2eefd7c5566a68e,0.6014041497470045,False
24082028,12,2400,results/pcra_u_runs/pcra_u_development_v1_1_campaign_20260824_seed_24082028/checkpoints/development/step_000002400,515f0e92927726ce3ef09ec93a60d823b1c4771c67aa9c15e1cfedac186f192a,0885f4ce3a218cbbc4abdd482f440679eda2a1d4d331898b01a3cf8d66c44606,9c829ef9e033e5f90226c6b1b54a71968c224ed735ef6b8830c503409f5b2deb,63da56e537f490f33f3c126a12f6f179624a9903a62170a1e48d3af97f77ddf7,0.6303637165732193,False
24082028,13,2600,results/pcra_u_runs/pcra_u_development_v1_1_campaign_20260824_seed_24082028/checkpoints/development/step_000002600,04600bebb38ebb42a87a358fb6d443a517329653684e419b9b08c9109340357d,73485d86dad676a372d01dc5d983d684a58e34d754ce838ced5124b74b9dbfb1,a6ff0c2b1ccef8275264d2f84aa8425bed4849206bd0140f086e7657db2b0bb5,7b81534d9757eb51f52cdb04f59f820f52fc84d7c6413497143ba8a8a3ada83d,0.6413465999924074,False
24082028,14,2800,results/pcra_u_runs/pcra_u_development_v1_1_campaign_20260824_seed_24082028/checkpoints/development/step_000002800,911a87396d1e5fd24e3cd4156a3180ab41e94996f4332f1a1a70a20949c04891,fdb357a9c40a4c084aed2f60d0adf2d826cd190d546e9c6a9d3ae15e5f250406,a0c898914fc788b35ee5156b2a583cede0af9db4e1fe9be0b65c3197a9bfb57f,291dcbd14203d24d8bcc880151f037e54ad51933244405a1c7737e2232c5d5c6,0.6254373430050247,False
24082028,15,3000,results/pcra_u_runs/pcra_u_development_v1_1_campaign_20260824_seed_24082028/checkpoints/development/step_000003000,97ac5b0951a9d0d89f31d4d46640f0dca9ef4449a3e5e032ae7396b87b47b3d8,0c0ee5eddbd56bde1c8317566fe689049c125ea1ecae8e0f1b8adaba93f0a146,f2c5d50bbfdbeaf6f35e1f9c01ac773c8ab3683257d260daca5d09e893af9e13,8d73020e617e2f4464b50a15e27c4ff9abe8afde565883210079c16db9f8d6c6,0.626422686298749,False
24082028,16,3200,results/pcra_u_runs/pcra_u_development_v1_1_campaign_20260824_seed_24082028/checkpoints/development/step_000003200,37ddbfc7072ded51a79060d1cb662bde1d2363b5143e923d4069ff3b14541502,41c29f34d277dcd5b22a17571b9f057b22f018c4e10a386d526139f80fe71f32,8f544f4371d92ef70cbcddad94ce15c369dcc7e4774338e57966511f3b7a3a06,b90f6402d931804397d3df3a5f7cf56a93f214d228f195fdd2137f5913f37bc6,0.6439045823318611,False
24082028,17,3400,results/pcra_u_runs/pcra_u_development_v1_1_campaign_20260824_seed_24082028/checkpoints/development/step_000003400,f9f85ab5e47e393ad75dbeaf8179baf70f6699e428279c8388ae4dda2db615cf,492d609ca037b2ed0d13b7866a1f1c241ef00408ef1b4817d6dba33c6f4beace,fb528c8d3916c632df0da1d8c89ffe7383003ce8190fb2fa01ff081ac8b960a5,8ec6ee2483b3ad33968a40131088f4636ee3439f93553d7c938d8a6208b7edd5,0.6327341121352393,False
24082028,18,3600,results/pcra_u_runs/pcra_u_development_v1_1_campaign_20260824_seed_24082028/checkpoints/development/step_000003600,10f606b415f83e20ebab201568a70e74368a06334bdb4a5a4683fa7892eb75d0,b621030c1b7ee31a276c88b10216f88aff93563257096c776102fe5c9e3a12e8,8deb2e1e7e09adec01fed672727bac2314095c52fcd1ca519b5069cff9c95e0d,a4300f674907051bf6beaa29b168343b7009dd3c2ea9e75082335fba15ea0ed7,0.630282891437099,False
24082028,19,3800,results/pcra_u_runs/pcra_u_development_v1_1_campaign_20260824_seed_24082028/checkpoints/development/step_000003800,548f4a77f4bb58349373e03e290cc8256dd64fa5a599980edeae68c592252058,5a568d15f9de30eda9be62738e60a7c7cec19a583d40eec6c3feadc045da47de,4f7547471a62241fac44553a5963778a2ff9a1dfb60c8317c8d57473b7f5a4ce,2e54212e54b16536c0a61be644795854453b07225bda7a5caa715e9a4f23ab3c,0.630318866280376,False
24082028,20,4000,results/pcra_u_runs/pcra_u_development_v1_1_campaign_20260824_seed_24082028/checkpoints/development/step_000004000,b946ac24e98f4c93f3fd19b2d1e785a252bb3c871e6243966e8a29cc33a6ace9,949b4ebe6f46f7e64ab092559d9072ab877f720c42ab333641e943ba854719ba,a5e499b744148c427882c3393d11791d1ae548c07ce2f52b9479019c1f81cbd0,5eced175ab8ad6a5720e975e75757ab738f00239f6eb01fc8ebdbe92d6e43a1c,0.6292893494447841,False
