seed,epoch,global_step,train_total_loss,dev_total_loss,Gc,Ga,A,F,S,C,eligible,check_epoch_at_least_minimum,check_all_found_grounding_at_least_minimum,check_answerability_macro_f1_at_least_minimum,check_false_found_rate_at_most_maximum,exact_dev_denominators,epoch_artifact_valid,epoch_json,epoch_json_sha256
24082026,1,200,2.6594964337348936,2.082998823121025,0.3125,0.5,0.42526522773001646,0.06315789473684211,0.42664670658682635,0.46620436133547705,False,False,False,False,True,True,True,results/pcra_u_runs/pcra_u_development_v1_1_campaign_20260824_seed_24082026/metrics/development_epoch_001.json,8a79127ac739dd09f669fa3799534d3fede75da7cee1e6ecc3da9cc5114dcdff
24082026,2,400,1.9304965329170227,1.7798854522539702,0.28125,0.6130952380952381,0.49313348848716254,0.1368421052631579,0.45297504798464494,0.47728192952700643,False,False,False,False,False,True,True,results/pcra_u_runs/pcra_u_development_v1_1_campaign_20260824_seed_24082026/metrics/development_epoch_002.json,b9845447ae7576eb88ba38c5a0c1d18b5b767e681a538255178e03c342425a3f
24082026,3,600,1.7305187970399856,1.661263967108994,0.25,0.6011904761904762,0.5794306289124704,0.042105263157894736,0.49557522123893805,0.49230843154690507,False,False,False,False,True,True,True,results/pcra_u_runs/pcra_u_development_v1_1_campaign_20260824_seed_24082026/metrics/development_epoch_003.json,efacbce20202fc1a18c1e9555356ade1381a472890c8daf507b8f87b1a19229b
24082026,4,800,1.5969240954518318,1.6192359470147417,0.21875,0.6428571428571429,0.6213352754486787,0.042105263157894736,0.5018450184501845,0.49496019418748005,False,False,False,False,True,True,True,results/pcra_u_runs/pcra_u_development_v1_1_campaign_20260824_seed_24082026/metrics/development_epoch_004.json,4c0196474a31358b3eb7a658e622e61eefea30deae65edda38083e12d7bd786a
24082026,5,1000,1.4971788841485978,1.6214020171766743,0.375,0.7083333333333334,0.6332136390344477,0.1368421052631579,0.5254237288135594,0.5665330786840825,False,False,False,False,False,True,True,results/pcra_u_runs/pcra_u_development_v1_1_campaign_20260824_seed_24082026/metrics/development_epoch_005.json,c3fe5e7c0f64af0a8789a15c2bfa0ddb8cab015bcda95bdbca7487ed623d1491
24082026,6,1200,1.4124163857102394,1.6434724864251278,0.28125,0.6369047619047619,0.7005432024808327,0.042105263157894736,0.5424912689173458,0.5377363034034347,False,True,False,False,True,True,True,results/pcra_u_runs/pcra_u_development_v1_1_campaign_20260824_seed_24082026/metrics/development_epoch_006.json,5bbca2c3b93e5bb7e852f25155b1eb161eacf5905c88116c7b8e262013307d6c
24082026,7,1400,1.3410483792424202,1.5848127912583252,0.40625,0.6964285714285714,0.6477608365463254,0.06315789473684211,0.5597104945717732,0.5921766973844531,False,True,False,False,True,True,True,results/pcra_u_runs/pcra_u_development_v1_1_campaign_20260824_seed_24082026/metrics/development_epoch_007.json,012703128407a7496168d0caba2c36e16768b343dded6b1c7e50aeeeb49e5cd1
24082026,8,1600,1.2498900023102761,1.5672619053966947,0.4375,0.7023809523809523,0.7166152590395015,0.16842105263157894,0.5662337662337662,0.6054110843893539,False,True,False,False,False,True,True,results/pcra_u_runs/pcra_u_development_v1_1_campaign_20260824_seed_24082026/metrics/development_epoch_008.json,ff719321b5a52c66e2ddb6336697b80f49b9db9281183c3c3b2feeba96597afb
24082026,9,1800,1.1935382351279258,1.6292861564556975,0.4375,0.75,0.7138512592247693,0.15789473684210525,0.53315649867374,0.615961041318638,False,True,False,False,False,True,True,results/pcra_u_runs/pcra_u_development_v1_1_campaign_20260824_seed_24082026/metrics/development_epoch_009.json,a5d44a752e471e852aedba8e1db8dabdb69ba05a91d0ddf9dfa6819606cb0427
24082026,10,2000,1.1429019185900688,1.598730605345588,0.40625,0.7619047619047619,0.7144323547938006,0.12631578947368421,0.5799769850402762,0.6091325549186599,False,True,False,False,False,True,True,results/pcra_u_runs/pcra_u_development_v1_1_campaign_20260824_seed_24082026/metrics/development_epoch_010.json,bb4058ff0ae7bfaa5a855422d2c8152bb83121bf63e9a9b6025be4ee85653cff
24082026,11,2200,1.0896879263222217,1.6966472718266665,0.4375,0.7321428571428571,0.6975072742378685,0.17894736842105263,0.5254237288135594,0.6059629210129872,False,True,False,False,False,True,True,results/pcra_u_runs/pcra_u_development_v1_1_campaign_20260824_seed_24082026/metrics/development_epoch_011.json,1f53f96b6a1cd58057e13f9d98b825efc282305f2e8c730dc97debe55ea381f6
24082026,12,2400,1.059012559056282,1.6092202194008924,0.4375,0.7202380952380952,0.7390796703296704,0.15789473684210525,0.5486486486486486,0.6150543425872373,False,True,False,True,False,True,True,results/pcra_u_runs/pcra_u_development_v1_1_campaign_20260824_seed_24082026/metrics/development_epoch_012.json,7386d86dc54f8c56805c0ab65ca587292aadef74a90dc3ef7dd6b76bc2f61499
24082026,13,2600,1.008427339941263,1.6031858192943922,0.46875,0.7440476190476191,0.7469437340369469,0.18947368421052632,0.5494505494505495,0.6307147179853343,False,True,False,True,False,True,True,results/pcra_u_runs/pcra_u_development_v1_1_campaign_20260824_seed_24082026/metrics/development_epoch_013.json,29ff8ef8c6d8e1eee9bcf84d040fbfdaf9cc24f9481b300723de2615387a8f29
24082026,14,2800,0.9679560096561909,1.5926880498534415,0.40625,0.7202380952380952,0.7475603646786704,0.15789473684210525,0.5645805592543276,0.6026879814570373,False,True,False,True,False,True,True,results/pcra_u_runs/pcra_u_development_v1_1_campaign_20260824_seed_24082026/metrics/development_epoch_014.json,4749ed3dcc3c8d1febe5bdf773809d0eacff7a75fcf791dd341a6aedc3148fdb
24082026,15,3000,0.9464579953253269,1.6422807056941304,0.5,0.7559523809523809,0.7394226203028613,0.22105263157894736,0.5433186490455213,0.6409171055142063,False,True,False,True,False,True,True,results/pcra_u_runs/pcra_u_development_v1_1_campaign_20260824_seed_24082026/metrics/development_epoch_015.json,c7d113f125828f1eb96e96e0d25ab4d695e99c5be9634f306cdcf06e89974dd3
24082026,16,3200,0.9294236545264721,1.5921164972938306,0.5,0.7738095238095238,0.7418388079084632,0.1368421052631579,0.5577464788732395,0.6576033505541237,False,True,False,True,False,True,True,results/pcra_u_runs/pcra_u_development_v1_1_campaign_20260824_seed_24082026/metrics/development_epoch_016.json,3b9ce9a82d8d11de9428c26c12df38d4f2da6d6f311ab549ebc07a75583a9ce8
24082026,17,3400,0.9378973042964935,1.5893816454983645,0.5,0.7738095238095238,0.7471003014978612,0.14736842105263157,0.550561797752809,0.6570767019035822,False,True,False,True,False,True,True,results/pcra_u_runs/pcra_u_development_v1_1_campaign_20260824_seed_24082026/metrics/development_epoch_017.json,9127a31fce01a27d475970707e1e92eda01791291bca527e955993c096134153
24082026,18,3600,0.8945764835178852,1.60620615252116,0.5,0.7738095238095238,0.7564688810158541,0.14736842105263157,0.5580736543909348,0.6589504178071809,False,True,False,True,False,True,True,results/pcra_u_runs/pcra_u_development_v1_1_campaign_20260824_seed_24082026/metrics/development_epoch_018.json,7d6163a8dd641acbedc5a52123184d6ccd878cc5d5f16c9620741605550fb715
24082026,19,3800,0.9228690451383591,1.602359081450144,0.5,0.7738095238095238,0.7620567937589943,0.14736842105263157,0.5413105413105413,0.6600680003558089,False,True,False,True,False,True,True,results/pcra_u_runs/pcra_u_development_v1_1_campaign_20260824_seed_24082026/metrics/development_epoch_019.json,3a4b1f31572f5f91b27d9870df8a3a10b43fc82b3ee6134ceceab49a3d00d03b
24082026,20,4000,0.8956723245978355,1.604298144405083,0.5,0.7738095238095238,0.7536473589507329,0.16842105263157894,0.5407725321888412,0.6552282186573145,False,True,False,True,False,True,True,results/pcra_u_runs/pcra_u_development_v1_1_campaign_20260824_seed_24082026/metrics/development_epoch_020.json,84158f89999fbceff8a4a2fb0e0a411fae10782abe91234a9e57f52d9f405b66
24082027,1,200,2.7134644812345505,2.169568998161934,0.3125,0.4642857142857143,0.3820272193559865,0.06315789473684211,0.42752562225475843,0.4504139025178139,False,False,False,False,True,True,True,results/pcra_u_runs/pcra_u_development_v1_1_campaign_20260824_seed_24082027/metrics/development_epoch_001.json,b846103be82581c5d46ed31e385b44ee2e1391370fd2a65ae23d63d6180ea64c
24082027,2,400,1.9315447944402695,1.833089971807953,0.25,0.5654761904761905,0.5471174026795469,0.08421052631578947,0.4601018675721562,0.4723871396837791,False,False,False,False,True,True,True,results/pcra_u_runs/pcra_u_development_v1_1_campaign_20260824_seed_24082027/metrics/development_epoch_002.json,c9aa5d21b67aad4f7e132d2e98d7afc73666c7f4169508a277eae04efd83259f
24082027,3,600,1.7122696846723557,1.7269923002279401,0.3125,0.6369047619047619,0.6198935558112774,0.11578947368421053,0.46973803071364045,0.5246162424905763,False,False,False,False,False,True,True,results/pcra_u_runs/pcra_u_development_v1_1_campaign_20260824_seed_24082027/metrics/development_epoch_003.json,574823d90e0d695cd20ccefa0f4acdb3ff5206f9030d70e17ec055d34ba5e4ba
24082027,4,800,1.6164047774672508,1.705786243348455,0.34375,0.6964285714285714,0.6302257671870977,0.2,0.5065590312815338,0.5400183677231338,False,False,False,False,False,True,True,results/pcra_u_runs/pcra_u_development_v1_1_campaign_20260824_seed_24082027/metrics/development_epoch_004.json,70d15430b9c1584abecf8a53b110d1b120104f2bca70d9db87a315cf140d2ee9
24082027,5,1000,1.508917471766472,1.657123643587328,0.34375,0.7559523809523809,0.7052196717613219,0.11578947368421053,0.5220125786163522,0.579553489490109,False,False,False,False,False,True,True,results/pcra_u_runs/pcra_u_development_v1_1_campaign_20260824_seed_24082027/metrics/development_epoch_005.json,bc004bfbdde76a96242e495ccbe1a5cb63445ba1f172b1f66315eb637eadc9cd
24082027,6,1200,1.41688575476408,1.622538453465019,0.53125,0.7321428571428571,0.6097473404994888,0.010526315789473684,0.5049063336306869,0.655861592160048,False,True,False,False,True,True,True,results/pcra_u_runs/pcra_u_development_v1_1_campaign_20260824_seed_24082027/metrics/development_epoch_006.json,261a6fb16eb9dc33ae4eb70de1860f76d5a48c93aa681f2782c21cd2b6b77166
24082027,7,1400,1.3611989524960517,1.5823771483668438,0.46875,0.7380952380952381,0.6993450869842268,0.06315789473684211,0.5295315682281059,0.6389518808053667,False,True,False,False,True,True,True,results/pcra_u_runs/pcra_u_development_v1_1_campaign_20260824_seed_24082027/metrics/development_epoch_007.json,127124104a0a5462fee122962bb2a1b836ac59105b2a2d0f1691f6ef69cb28b5
24082027,8,1600,1.2869008159637452,1.6966077783502922,0.46875,0.7261904761904762,0.703931303635953,0.24210526315789474,0.5068870523415978,0.6106460664916017,False,True,False,False,False,True,True,results/pcra_u_runs/pcra_u_development_v1_1_campaign_20260824_seed_24082027/metrics/development_epoch_008.json,6d5dd0b8607f1b65359d72f9af3ad883dd139f959b3c6b12fc046d0d55be69bd
24082027,9,1800,1.2233710666000843,1.6773176188785164,0.4375,0.7321428571428571,0.7017962705301207,0.2631578947368421,0.5196629213483146,0.5941891413240693,False,True,False,False,False,True,True,results/pcra_u_runs/pcra_u_development_v1_1_campaign_20260824_seed_24082027/metrics/development_epoch_009.json,1ccf8ab8e6cee265434c0e1c5a1c937804d1cbfc3bb64242db0fdc804a529969
24082027,10,2000,1.1703003215789796,1.6065318269286795,0.4375,0.7321428571428571,0.7310116767013318,0.09473684210526316,0.5211640211640212,0.6252953804530483,False,True,False,True,True,True,True,results/pcra_u_runs/pcra_u_development_v1_1_campaign_20260824_seed_24082027/metrics/development_epoch_010.json,2f80bb54abfefec5745633d4ac2a0a178d05db0e197682361c7ae67659da9ab4
24082027,11,2200,1.1071750196814536,1.6386540340695142,0.4375,0.7559523809523809,0.7006271442848263,0.16842105263157894,0.5598958333333334,0.6129277471527047,False,True,False,False,False,True,True,results/pcra_u_runs/pcra_u_development_v1_1_campaign_20260824_seed_24082027/metrics/development_epoch_011.json,c5bac01451ccccc4cdfdb28149b38f8dc11c6713b34ac4f58a994ea1a1927824
24082027,12,2400,1.0785958029329776,1.6349929941463464,0.4375,0.7261904761904762,0.7124901317332765,0.08421052631578947,0.5382513661202186,0.6219795426373821,False,True,False,False,True,True,True,results/pcra_u_runs/pcra_u_development_v1_1_campaign_20260824_seed_24082027/metrics/development_epoch_012.json,6eb11e6eca35aa9b3ce348f48d35fd4d6dae1aa214c51b5a1dc425fd2f193ae9
24082027,13,2600,1.0594919084012508,1.6411518699512548,0.4375,0.7380952380952381,0.7346296500968601,0.11578947368421053,0.5769230769230769,0.624051556585788,False,True,False,True,False,True,True,results/pcra_u_runs/pcra_u_development_v1_1_campaign_20260824_seed_24082027/metrics/development_epoch_013.json,33855b75bec8202eb3d1fe5d1af41a7dc52ac1dac1b3470db4d4b5be97d83ced
24082027,14,2800,1.0309761184453965,1.643013496618414,0.4375,0.7380952380952381,0.7351340950600631,0.10526315789473684,0.5337001375515819,0.6257313929468497,False,True,False,True,True,True,True,results/pcra_u_runs/pcra_u_development_v1_1_campaign_20260824_seed_24082027/metrics/development_epoch_014.json,b27ab233a0d575f0a9d367bfe938649e6d255bf255a1e06dd3f2189d3538f3e1
24082027,15,3000,0.965467634499073,1.6696158573429987,0.4375,0.7380952380952381,0.7200122182266795,0.1368421052631579,0.5302593659942363,0.6179701754749098,False,True,False,False,False,True,True,results/pcra_u_runs/pcra_u_development_v1_1_campaign_20260824_seed_24082027/metrics/development_epoch_015.json,bde95fe774c4dda59476d0623786d07af0da17b4cf34af55a89e1b8fa0e518dd
24082027,16,3200,0.9684526333212853,1.6313439623592698,0.4375,0.7440476190476191,0.7390475129964177,0.15789473684210525,0.5563282336578581,0.6198098158824915,False,True,False,True,False,True,True,results/pcra_u_runs/pcra_u_development_v1_1_campaign_20260824_seed_24082027/metrics/development_epoch_016.json,8dbeace37fc9ab33b79acb6f80f808c6a8dd35a36e59517ad5d9962d44cf8006
24082027,17,3400,0.9328940136730671,1.6403692928521472,0.4375,0.7380952380952381,0.7557779180695848,0.11578947368421053,0.5346534653465347,0.628281210180333,False,True,False,True,False,True,True,results/pcra_u_runs/pcra_u_development_v1_1_campaign_20260824_seed_24082027/metrics/development_epoch_017.json,2c2860a7cccd2b97519c96493a7906e4bd255ebe71eadf72f71afa38c199b1ce
24082027,18,3600,0.9303643138706684,1.6521680197948514,0.4375,0.7380952380952381,0.7478601491063516,0.15789473684210525,0.5354558610709117,0.6203818669140021,False,True,False,True,False,True,True,results/pcra_u_runs/pcra_u_development_v1_1_campaign_20260824_seed_24082027/metrics/development_epoch_018.json,4172de21325d4e36d332752a9fbd37e1d601aa962dbdd00ee46b543a2caf7d24
24082027,19,3800,0.9367534418404102,1.6437764324838116,0.4375,0.7380952380952381,0.7439817768383382,0.14736842105263157,0.5356125356125356,0.6211851398288205,False,True,False,True,False,True,True,results/pcra_u_runs/pcra_u_development_v1_1_campaign_20260824_seed_24082027/metrics/development_epoch_019.json,9d038a1c03217790511dc40a6d8d72d0999eb324cb623aad906500e0d46f7844
24082027,20,4000,0.9346744176745415,1.6420202103410915,0.4375,0.7380952380952381,0.7471587900128991,0.14736842105263157,0.5374823196605375,0.6218205424637328,False,True,False,True,False,True,True,results/pcra_u_runs/pcra_u_development_v1_1_campaign_20260824_seed_24082027/metrics/development_epoch_020.json,9e14c73e2cfe774b203b02ec45be3d8becbb050caa30527009845afe1fd1c03b
24082028,1,200,2.6431326389312746,2.13383781902752,0.375,0.47619047619047616,0.3237716313912788,0.06315789473684211,0.4272128749085589,0.46926873730582475,False,False,False,False,True,True,True,results/pcra_u_runs/pcra_u_development_v1_1_campaign_20260824_seed_24082028/metrics/development_epoch_001.json,c491a06ffb0ea500467e50bd28ee5756ee41e60dc45a2d2cad7420563c29467e
24082028,2,400,1.9110011851787567,1.8534350324616664,0.25,0.5595238095238095,0.4785427839022336,0.17894736842105263,0.46946564885496184,0.4432712134220508,False,False,False,False,False,True,True,results/pcra_u_runs/pcra_u_development_v1_1_campaign_20260824_seed_24082028/metrics/development_epoch_002.json,df2a786f9c50ebc3c642693c63776e02c385a307373997accc2fadca3c34dbd2
24082028,3,600,1.7226904320716858,1.7467147375005458,0.15625,0.5952380952380952,0.5446399703312714,0.14736842105263157,0.49085659287776706,0.42618284995597866,False,False,False,False,False,True,True,results/pcra_u_runs/pcra_u_development_v1_1_campaign_20260824_seed_24082028/metrics/development_epoch_003.json,10313d25b7b160cc428eb72ee9e7e402016df82970ca21c649712200769fec96
24082028,4,800,1.5874454140663148,1.6491063065609606,0.1875,0.6309523809523809,0.6557370367242128,0.05263157894736842,0.5051067780872794,0.4838181466932135,False,False,False,False,True,True,True,results/pcra_u_runs/pcra_u_development_v1_1_campaign_20260824_seed_24082028/metrics/development_epoch_004.json,623c9d1148dc52ed7284fa0e81b4425f4ae8a26f9d34930b441f7cdbbc0f5b2a
24082028,5,1000,1.5110789155960083,1.6929602972775357,0.25,0.6488095238095238,0.6775773129266501,0.24210526315789474,0.5035294117647059,0.4914615778735506,False,False,False,False,False,True,True,results/pcra_u_runs/pcra_u_development_v1_1_campaign_20260824_seed_24082028/metrics/development_epoch_005.json,b8d2b41244f4bdcd6d293ce5400db99c49f1e50e5dd850143656b91a9850c908
24082028,6,1200,1.4425470918416976,1.6065789165302113,0.4375,0.7023809523809523,0.6730367668424,0.031578947368421054,0.5087040618955513,0.6172217017394073,False,True,False,False,True,True,True,results/pcra_u_runs/pcra_u_development_v1_1_campaign_20260824_seed_24082028/metrics/development_epoch_006.json,a92ade82fb686d7f7e9713dc016a33ab928b20f4bc0a7855f9d3ce522e3c6503
24082028,7,1400,1.3748535412549971,1.6356867279575302,0.375,0.7023809523809523,0.6947034288605123,0.17894736842105263,0.5153846153846153,0.5713247709851351,False,True,False,False,False,True,True,results/pcra_u_runs/pcra_u_development_v1_1_campaign_20260824_seed_24082028/metrics/development_epoch_007.json,1147f28a2683c2db52713de3541d773cc2be007821d4ed168dbca778b84d006a
24082028,8,1600,1.3312978169322014,1.5819169950732717,0.46875,0.7321428571428571,0.6813323657392166,0.08421052631578947,0.5529953917050692,0.6310009656290464,False,True,False,False,True,True,True,results/pcra_u_runs/pcra_u_development_v1_1_campaign_20260824_seed_24082028/metrics/development_epoch_008.json,e82b6610a4a033483ce4047cb6fd42fcd1ef0174d8ef484c0f75fb93bc118fb8
24082028,9,1800,1.2514528053998948,1.5860748538851341,0.40625,0.7202380952380952,0.7314658138054607,0.06315789473684211,0.5655526992287918,0.6136795975981849,False,True,False,True,True,True,True,results/pcra_u_runs/pcra_u_development_v1_1_campaign_20260824_seed_24082028/metrics/development_epoch_009.json,66ae7b105398c7a7405ba579c32290d2cb851215c113424bf7da5c95d1f024f8
24082028,10,2000,1.191510536968708,1.55169911586083,0.46875,0.7261904761904762,0.7143433573025288,0.09473684210526316,0.5724550898203593,0.6348337403828115,False,True,False,False,True,True,True,results/pcra_u_runs/pcra_u_development_v1_1_campaign_20260824_seed_24082028/metrics/development_epoch_010.json,9dbf7a4478d173c7132518a349452aff46d2cac51d4453c375b2f4638f027a0e
24082028,11,2200,1.1424359571933747,1.6897994126050335,0.4375,0.7380952380952381,0.6371820895871529,0.1368421052631579,0.554641598119859,0.6014041497470045,False,True,False,False,False,True,True,results/pcra_u_runs/pcra_u_development_v1_1_campaign_20260824_seed_24082028/metrics/development_epoch_011.json,21ae1d23c0f48753af7e60a258f6001ff46259c5e2f6ead6b88f1de401f1e268
24082028,12,2400,1.077048246860504,1.6109505935204902,0.4375,0.7380952380952381,0.7346115026655956,0.07368421052631578,0.5759577278731837,0.6303637165732193,False,True,False,True,True,True,True,results/pcra_u_runs/pcra_u_development_v1_1_campaign_20260824_seed_24082028/metrics/development_epoch_012.json,dd6909d714ae1bb5cc1fae59c8924953c59c5bcd79614b4bdb9dc6735e6b0317
24082028,13,2600,1.0551625837385654,1.5723586400191114,0.46875,0.7440476190476191,0.7211557756512599,0.08421052631578947,0.5714285714285714,0.6413465999924074,False,True,False,False,True,True,True,results/pcra_u_runs/pcra_u_development_v1_1_campaign_20260824_seed_24082028/metrics/development_epoch_013.json,ca802add7b94e9727d7bb4de6e009d107d014cd12c3f90ac437610c9219c15cf
24082028,14,2800,1.0271859565377235,1.6542058524484216,0.4375,0.7440476190476191,0.7277114643985574,0.10526315789473684,0.5269121813031161,0.6254373430050247,False,True,False,True,True,True,True,results/pcra_u_runs/pcra_u_development_v1_1_campaign_20260824_seed_24082028/metrics/development_epoch_014.json,30cd4545e51c2a6521917e8c98e686b8c8185f9305294db266a59fad69bb0f80
24082028,15,3000,1.003322732746601,1.6338246659875655,0.4375,0.7380952380952381,0.7385905618195594,0.10526315789473684,0.557510148849797,0.626422686298749,False,True,False,True,True,True,True,results/pcra_u_runs/pcra_u_development_v1_1_campaign_20260824_seed_24082028/metrics/development_epoch_015.json,6fea7ee5ae9a35730bf3b4d298e2e8333516ff4306c20bfeb651169ac6ff6657
24082028,16,3200,0.9900453470647335,1.6428198292761227,0.46875,0.7619047619047619,0.7318780181755961,0.10526315789473684,0.5674931129476584,0.6439045823318611,False,True,False,True,True,True,True,results/pcra_u_runs/pcra_u_development_v1_1_campaign_20260824_seed_24082028/metrics/development_epoch_016.json,489754a96ab696c67f4baa0f986c8f7e454d9ee55164cfb6e6401252d8d22fcf
24082028,17,3400,0.9697526460886001,1.614608287191826,0.4375,0.7559523809523809,0.7522905481448682,0.10526315789473684,0.5898123324396782,0.6327341121352393,False,True,False,True,True,True,True,results/pcra_u_runs/pcra_u_development_v1_1_campaign_20260824_seed_24082028/metrics/development_epoch_017.json,e94552231f8eee102dd16d32823f75db7adbb2c772375cea3d7d10a7a1162410
24082028,18,3600,0.94928246229887,1.6231954821315497,0.4375,0.7559523809523809,0.7400344446541667,0.10526315789473684,0.5626740947075209,0.630282891437099,False,True,False,True,True,True,True,results/pcra_u_runs/pcra_u_development_v1_1_campaign_20260824_seed_24082028/metrics/development_epoch_018.json,10dc078d450812d604eb57f802e801c289b9977af87db57763d517cf565de28b
24082028,19,3800,0.9340677881240844,1.6255918887694967,0.4375,0.7559523809523809,0.7402143188705519,0.10526315789473684,0.5598885793871866,0.630318866280376,False,True,False,True,True,True,True,results/pcra_u_runs/pcra_u_development_v1_1_campaign_20260824_seed_24082028/metrics/development_epoch_019.json,e4fdd5c76545ef1562d26fe8bc15882985f2984ae13f738dff50725ee89ae2b2
24082028,20,4000,0.9337883658707142,1.625119581936104,0.4375,0.7559523809523809,0.7350667346925921,0.10526315789473684,0.5618915159944368,0.6292893494447841,False,True,False,True,True,True,True,results/pcra_u_runs/pcra_u_development_v1_1_campaign_20260824_seed_24082028/metrics/development_epoch_020.json,a418ede019484d80cbbed9f06b0a0a8be3534e16655521b706ba0e1a649f84a9
