order,date,time,folder,title,status,role,artifact_count,total_bytes
1,20260812,143309,01_20260812_roborefer_blind_tomato_can,RoboRefer blind tomato-can trials,DIAGNOSTIC,early_robot_diagnostic,34,771309
2,20260812,172042,02_20260812_two_reference_oblique_tomato,Two-reference oblique tomato trial,DIAGNOSTIC,early_robot_diagnostic,16,379319
3,20260813,141112,03_20260813_two_reference_oblique_deoccluded,Two-reference oblique deoccluded trial,DIAGNOSTIC,early_robot_diagnostic,17,467582
4,20260813,164442,04_20260813_roborefer_pilot_v0_aborted,RoboRefer pilot v0 — aborted before capture,ABORTED_BEFORE_CAPTURE,failed_diagnostic,2,6415
5,20260813,173305,05_20260813_roborefer_pilot_v0,RoboRefer B0/B1/B2 pilot v0,COMPLETE_DIAGNOSTIC,pilot_evaluation,163,5396969
6,20260818,151328,06_20260818_wp0_baseline_interface,WP0 baseline/interface gate and reason-code demos,COMPLETE,wp0_gate,12,100738
7,20260818,153026,07_20260818_wp1_depth_sensitivity,WP1 RoboRefer depth-sensitivity diagnostic,COMPLETE_DIAGNOSTIC,wp1_depth_sensitivity,192,9967043
8,20260818,161351,08_20260818_wp2_dataset_prototype,WP2 locked dataset prototype report assets,COMPLETE_PROTOTYPE,wp2_dataset,282,6496724
9,20260821,000000,09_20260821_wp3_data_gap_audit,WP3 data-gap audit — 250 WP2 samples,COMPLETE_AUDIT,wp3_data_audit,29,141312
10,20260821,045900,10_20260821_wp3_feature_hook_failed_preflight,WP3 feature hook — failed determinism preflight,FAILED_PREFLIGHT,failed_diagnostic,32,823930
11,20260821,050400,11_20260821_wp3_feature_hook_failed_serialization,WP3 feature hook — failed deterministic serialization,FAILED_SERIALIZATION,failed_diagnostic,34,876106
12,20260821,050831,12_20260821_wp3_feature_hook_official,WP3 feature hook — official PASS,PASSED,official_wp3_gate,35,887440
13,20260821,054208,13_20260821_pcra_u_overfit_smoke_planned,P-CRA-U overfit smoke — scientific result scaffold,PLANNED_NOT_RUN,planned_training_run,26,43834
14,20260821,060614,14_20260821_pcra_u_overfit_smoke_pass,P-CRA-U v0 overfit smoke — official PASS,PASSED,official_pcra_u_overfit_gate,70,1400013
15,20260821,133253,15_20260821_ycb_inventory_v2_main_world,UR3 pick-place + YCB inventory V2 asset qualification,PASSED_ASSET_QUALIFICATION,dataset_expansion_asset_gate,11,263906
16,20260821,135403,16_20260821_ycb_inventory_v2_color_fix,YCB inventory V2 color fix and scene cleanup,PASSED_ASSET_COLOR_AND_SCENE_CLEANUP,dataset_expansion_asset_gate,9,277188
17,20260821,140637,17_20260821_dataset_expansion_v2_design_lock,Dataset Expansion V2 family/split/OOD design lock,PASSED_DESIGN_LOCK_NO_CAPTURE_NO_TRAINING,dataset_expansion_design_gate,13,56929
18,20260821,153058,18_20260821_dataset_v2_pilot_pass,Dataset V2 pilot-only — 30-family real Gazebo QC PASS,PASSED_PILOT_ENGINEERING_QC_NOT_OFFICIAL_DATA,dataset_expansion_pilot_gate,61,3228728
19,20260821,170745,19_20260821_dataset_v2_development_capture_lock,Dataset V2 development 400-family capture — static preflight PASS,PASSED_STATIC_PREFLIGHT_CAPTURE_AUTHORIZED_NO_CAPTURE_NO_TRAINING,dataset_development_capture_lock,5,5679961
20,20260821,173032,20_20260821_dataset_v2_development_batch_001_relation_fail,"Dataset V2 development capture — canary PASS, batch 001 relation gate FAIL",FAILED_BATCH_001_RELATION_GEOMETRY_GATE_NO_TRAINING,dataset_development_capture_gate,38,2060390
21,20260821,183408,21_20260821_dataset_v2_relation_repair_pilot_pass,Dataset V2.1 observable-relation repair pilot — 30/30 PASS,PASSED_RELATION_REPAIR_PILOT_ENGINEERING_ONLY_NO_TRAINING,dataset_development_relation_repair_gate,44,2683640
22,20260824,115600,22_20260824_dataset_v2_1_shutdown_gate_pass,Dataset V2.1 ordered shutdown gate — real canary PASS,PASSED_V2_1_SHUTDOWN_GATE_NO_BASELINE_CHANGE_NO_TRAINING,dataset_development_shutdown_gate,20,154175
23,20260824,115700,23_20260824_dataset_v2_1_development_capture_lock,Dataset V2.1 development 400-family capture — static preflight PASS,PASSED_V2_1_STATIC_PREFLIGHT_CANARY_ONLY_NO_CAPTURE_NO_TRAINING,dataset_v2_1_development_capture_lock,5,6989603
24,20260824,125441,24_20260824_dataset_v2_1_1_development_full_qc_pass,"Dataset V2.1.1 development — 400 families / 800 captures / 2,000 samples full-QC PASS",PASSED_FULL_DEVELOPMENT_QC_GO_DEVELOPMENT_TRAIN_TESTS_SEALED,dataset_v2_1_1_development_full_qc_gate,157,22972587
25,20260824,131948,25_20260824_pcra_u_development_train_preflight_pass,P-CRA-U development training — locked preflight PASS,PASSED_DEVELOPMENT_TRAIN_PREFLIGHT_GO_CANARY_TESTS_SEALED,pcra_u_development_train_preflight_gate,10,7804776
26,20260824,132237,26_20260824_pcra_u_development_preflight_amendment_pass,P-CRA-U development preflight amendment 01 — isolated schema validator PASS,PASSED_PREFLIGHT_AMENDMENT_GO_CANARY_NO_OPTIMIZER_STEP,pcra_u_development_train_preflight_gate,5,24296
27,20260824,132321,27_20260824_pcra_u_development_train_canary_pass,P-CRA-U development training canary — determinism and resume PASS,PASSED_DEVELOPMENT_TRAIN_CANARY_GO_FULL_TRAIN_TESTS_SEALED,pcra_u_development_train_canary_gate,33,8052715
28,20260824,135154,28_20260824_pcra_u_development_train_exploratory_complete,P-CRA-U development training — 320 train / 80 dev families complete,COMPLETED_EXPLORATORY_DEV_ONLY_FREEZE_ARCHITECTURE_NEXT_TESTS_SEALED,pcra_u_development_training_exploratory,97,18508861
29,20260824,143439,29_20260824_pcra_u_development_failure_audit_architecture_decision,P-CRA-U development failure audit — architecture/checkpoint frozen,PASSED_DEVELOPMENT_FAILURE_AUDIT_ARCHITECTURE_CHECKPOINT_FROZEN_CALIBRATION_NEXT_TESTS_SEALED,pcra_u_development_architecture_decision_gate,73,6883158
30,20260824,161025,30_20260824_pcra_u_calibration_fit_freeze,P-CRA-U calibration — calibrator frozen; ABSTAIN_ALL operating point,PASSED_CALIBRATION_FIT_CALIBRATOR_THRESHOLD_FROZEN_ABSTAIN_ALL_GO_LOCKED_TEST_EVALUATION,pcra_u_calibration_freeze_gate,43,7658319
31,20260824,171414,31_20260824_pcra_u_development_v1_1_rejected_failure_audit,P-CRA-U development V1.1 — failure audit; reject V1.1 and retain V1,COMPLETED_EXPLORATORY_V1_1_REJECTED_RETAIN_V1_TESTS_SEALED,pcra_u_development_revision_failure_audit,34,9316127
