sample_id,scene_id,split,relation,challenge_stratum,reviewer,reviewed_at,target_correct,selected_instance_correct,tie_or_ambiguity,decision,notes
970834d03e281bc2d5cc6051,9b8834dfb3116aa0,dev,leftmost_ranking,no_matching_source_rank_sequence,,,,,,,
910fd42876d7a4331d3eed33,73896bcbd7032b66,dev,horizontal_ordinal_ranking,no_matching_source_rank_sequence,,,,,,,
5112f9c5fe9ae9ebd0e9e407,4bc95c8929e9f7da,dev,rightmost_ranking,no_matching_source_rank_sequence,,,,,,,
d0df225d94a2bc0ddfb27fa2,06c486e1c850e7bb,dev,leftmost_ranking,no_matching_source_rank_sequence,,,,,,,
cb8e7609bb94e2ce8b4e67d0,0bad10302ebb2c1c,dev,leftmost_ranking,no_matching_source_rank_sequence,,,,,,,
eb8670464be5b787f21ef523,68b10a35649014b5,dev,rightmost_ranking,no_matching_source_rank_sequence,,,,,,,
25d614b65d25ee4d3c456eb5,43ea6f2a7f1b1463,dev,horizontal_ordinal_ranking,no_matching_source_rank_sequence,,,,,,,
68ed262216b3666f39953ef2,e05da78cde8d5dd0,dev,rightmost_ranking,no_matching_source_rank_sequence,,,,,,,
24cbedd0e91ee79ba873c434,a5e31ca3ab35e998,dev,horizontal_ordinal_ranking,no_matching_source_rank_sequence,,,,,,,
50d85db9fa46a437a6b96973,a391a94aa3603235,dev,leftmost_ranking,no_matching_source_rank_sequence,,,,,,,
a2df6ed01825a179d2e1043e,68f2604c5abfce94,dev,rightmost_ranking,no_matching_source_rank_sequence,,,,,,,
cd41e687a1cbb3ffbab5e701,826e5d6f828dad34,dev,leftmost_ranking,no_matching_source_rank_sequence,,,,,,,
31ce0039bf33e693a1eb8675,cfaa34ee6052c49d,dev,leftmost_ranking,no_matching_source_rank_sequence,,,,,,,
0186bc5767bbe9f6ad557dcd,81aa26f375ece7f1,dev,horizontal_ordinal_ranking,no_matching_source_rank_sequence,,,,,,,
b9da13d70ad51e8234c1bbd7,9e30f82f107b6e94,dev,leftmost_ranking,no_matching_source_rank_sequence,,,,,,,
d5ed9d422ca534b9617d80dd,0b163a559240789a,dev,horizontal_ordinal_ranking,no_matching_source_rank_sequence,,,,,,,
6114b02c946f7cfe6a813b22,9045e7808ea46382,dev,leftmost_ranking,no_matching_source_rank_sequence,,,,,,,
4a5f5792fc558e432eefdbc6,9f0c0f7756010dac,dev,leftmost_ranking,no_matching_source_rank_sequence,,,,,,,
84a2eabda735753f39a72103,dbc5fe6f8bbc3034,dev,leftmost_ranking,no_matching_source_rank_sequence,,,,,,,
416f68964cae9266d9525d5c,8882f4b27d03f7b1,dev,rightmost_ranking,no_matching_source_rank_sequence,,,,,,,
edfa6d1b935febceffc22cb8,c6883a660356b223,dev,rightmost_ranking,no_matching_source_rank_sequence,,,,,,,
4cec0f947a2784160fc4d09d,6f6ee00f96f4806e,dev,horizontal_ordinal_ranking,no_matching_source_rank_sequence,,,,,,,
524c2ac2d1b40198aa7f2612,0fa14b2b20b88032,dev,rightmost_ranking,no_matching_source_rank_sequence,,,,,,,
3a9508c66f463a02dd1c071e,6b69b9cd79be1acc,dev,rightmost_ranking,no_matching_source_rank_sequence,,,,,,,
4d1639fd10dfc18598b264ed,3b7a6f0c2c52c547,dev,horizontal_ordinal_ranking,no_matching_source_rank_sequence,,,,,,,
755d9cc7b6a4029f424f3736,cbe1971ffa55725a,diagnostic,rightmost_ranking,no_matching_source_rank_sequence,,,,,,,
faaa777600328d958fae75df,2ab483c14260505c,diagnostic,horizontal_ordinal_ranking,no_matching_source_rank_sequence,,,,,,,
29a08f1cefa86408dbce1a4d,5aca8b3c96d146a2,diagnostic,leftmost_ranking,no_matching_source_rank_sequence,,,,,,,
af0d910e53ccff2485901c49,90d72cc463c69d91,diagnostic,rightmost_ranking,no_matching_source_rank_sequence,,,,,,,
8ad49660582a3527675f5f89,15c6c4b3bd81ddd9,diagnostic,leftmost_ranking,no_matching_source_rank_sequence,,,,,,,
836d3e204e84d35246d90069,a2e42f8302675589,diagnostic,rightmost_ranking,no_matching_source_rank_sequence,,,,,,,
9635e2debda621ba13490940,a7a924335ce018ae,diagnostic,horizontal_ordinal_ranking,no_matching_source_rank_sequence,,,,,,,
3e48110ceee782cf241fcb8e,aba5917937e5796d,diagnostic,rightmost_ranking,no_matching_source_rank_sequence,,,,,,,
42b54bcc74a8480228521ff6,05774d3a1951dff0,diagnostic,rightmost_ranking,no_matching_source_rank_sequence,,,,,,,
5d5643d9c964e199602eb968,48ebf8059e29b5bd,diagnostic,horizontal_ordinal_ranking,no_matching_source_rank_sequence,,,,,,,
dd5ee340bdd2dac0caa2a944,97e0c3d3ba029af5,diagnostic,leftmost_ranking,no_matching_source_rank_sequence,,,,,,,
a7fdd50d87e6652e75ccdd1f,fefdd46758426fe5,diagnostic,rightmost_ranking,no_matching_source_rank_sequence,,,,,,,
22d513c0f6d4621138e887c6,f5dcd5706b513066,diagnostic,horizontal_ordinal_ranking,no_matching_source_rank_sequence,,,,,,,
ff67bd7d72d2814a1168688a,2ecb8a1d696d541d,diagnostic,leftmost_ranking,no_matching_source_rank_sequence,,,,,,,
be629411642b86aa4a62e31b,38508bf874f3f5fc,diagnostic,leftmost_ranking,no_matching_source_rank_sequence,,,,,,,
bf40bdade2aea8623a2ad1ea,a0e48ee510427795,diagnostic,horizontal_ordinal_ranking,no_matching_source_rank_sequence,,,,,,,
10fca485ea2822bd70595f05,c1372f41f593c906,diagnostic,rightmost_ranking,no_matching_source_rank_sequence,,,,,,,
c1dccfb49e65380c8b47abf9,01eb98c1505c6a6e,diagnostic,rightmost_ranking,no_matching_source_rank_sequence,,,,,,,
b4da08f8708c31df5846504d,9e2fdac657d4555f,diagnostic,horizontal_ordinal_ranking,no_matching_source_rank_sequence,,,,,,,
bfa3be7c30a25af4ff9c2f3c,4574a7831c63869d,diagnostic,rightmost_ranking,no_matching_source_rank_sequence,,,,,,,
5f4aeea2f273e74924dfd02b,bf6a682a055f2370,diagnostic,leftmost_ranking,no_matching_source_rank_sequence,,,,,,,
a09e3727a65329ea7c4a789a,29826db66b673876,diagnostic,rightmost_ranking,no_matching_source_rank_sequence,,,,,,,
b9eeabc119f62103713821d1,7f6c18a848df2597,diagnostic,horizontal_ordinal_ranking,no_matching_source_rank_sequence,,,,,,,
764392cde1e8d21f591faab0,1efd42e8e20ffb28,diagnostic,rightmost_ranking,no_matching_source_rank_sequence,,,,,,,
08dd469a7ce4b828c463bddf,973604b2c53a1241,diagnostic,rightmost_ranking,no_matching_source_rank_sequence,,,,,,,
9483b407aeb5c3b3321f8867,e7bbcb73fcc61f96,dev,horizontal_ordinal_ranking,source_point_x_tie_proxy,,,,,,,
65f9865a942cf6478707090c,e138cec628769497,dev,horizontal_ordinal_ranking,source_point_x_tie_proxy,,,,,,,
2a9c15654e9bce44c8be1eae,0dfce52399f4db5a,dev,horizontal_ordinal_ranking,source_point_x_tie_proxy,,,,,,,
78c41659d790e993565baf1e,0b41d910f2230423,dev,horizontal_ordinal_ranking,source_point_x_tie_proxy,,,,,,,
02badc68cfe111e6bf3a31e1,aa802e8f16eb0ad9,dev,horizontal_ordinal_ranking,source_point_x_tie_proxy,,,,,,,
86fedd4399e87f2dfb695c5c,04ebe826e6a09fd9,dev,horizontal_ordinal_ranking,source_point_x_tie_proxy,,,,,,,
d28ab8ca4b063336c9c2d884,f2edcc7a7614ae68,dev,horizontal_ordinal_ranking,source_point_x_tie_proxy,,,,,,,
cf438ca5463365cd961fb1be,999493878b2ee2d0,dev,leftmost_ranking,source_point_x_tie_proxy,,,,,,,
dcd2abda3271c2188efb97dd,96cb4eec2c6c8487,dev,horizontal_ordinal_ranking,source_point_x_tie_proxy,,,,,,,
7c0b1b523852908997ccb413,51fcda3d2e346baf,dev,horizontal_ordinal_ranking,source_point_x_tie_proxy,,,,,,,
2141bbb3377e402a223525c4,1ea316c407ab7848,dev,horizontal_ordinal_ranking,source_point_x_tie_proxy,,,,,,,
8aea5e17afd264e434444b56,5128fa07b12aa13e,dev,horizontal_ordinal_ranking,source_point_x_tie_proxy,,,,,,,
136b5447e753bbc4f7bb9dd3,7a364f083e1c2fe5,dev,horizontal_ordinal_ranking,source_point_x_tie_proxy,,,,,,,
397bad43baf0bc105f66d1b3,52470c4213a79400,dev,horizontal_ordinal_ranking,source_point_x_tie_proxy,,,,,,,
ac7c02c3bb6bcad6ee46044f,4d5fd7ccb1cefb51,dev,horizontal_ordinal_ranking,source_point_x_tie_proxy,,,,,,,
d1f3deafebf03dad4f2032ff,49df0dc99b157bc6,dev,horizontal_ordinal_ranking,source_point_x_tie_proxy,,,,,,,
527ecfe6d92d9dc3f9070fc8,8cde4f1b476532d0,dev,horizontal_ordinal_ranking,source_point_x_tie_proxy,,,,,,,
3401827501d735690f78bc34,1a0cf1a37064b867,dev,horizontal_ordinal_ranking,source_point_x_tie_proxy,,,,,,,
2c1e89f3b703569bd41cf830,91b1e5be23860e75,dev,horizontal_ordinal_ranking,source_point_x_tie_proxy,,,,,,,
4185c4628036da96fdb70e9c,9f543ada65c52ea1,dev,horizontal_ordinal_ranking,source_point_x_tie_proxy,,,,,,,
95f8c3306f8b621f27869013,ebcfcb1b21ece970,dev,leftmost_ranking,source_point_x_tie_proxy,,,,,,,
d9655c4313e74e05e1651065,777ebe6e5cd08cc9,dev,horizontal_ordinal_ranking,source_point_x_tie_proxy,,,,,,,
4c183e8c85bd8f9c6b919317,77c4472f9352ba40,dev,horizontal_ordinal_ranking,source_point_x_tie_proxy,,,,,,,
06f09e5838a52daa92f33a4e,ca32ab3f4d2ba73d,dev,horizontal_ordinal_ranking,source_point_x_tie_proxy,,,,,,,
1e6aabee1916d65d4be553dc,e0612c61ec6bfdff,dev,horizontal_ordinal_ranking,source_point_x_tie_proxy,,,,,,,
e1f907c2a529a9607185b3c8,f65097fb883f2e70,diagnostic,rightmost_ranking,source_point_x_tie_proxy,,,,,,,
ee791a5b882d6e6faac49100,d36b166d2c0c8a22,diagnostic,horizontal_ordinal_ranking,source_point_x_tie_proxy,,,,,,,
9f9071c71e300604e1636f58,ed5b76f24aa1c9ed,diagnostic,horizontal_ordinal_ranking,source_point_x_tie_proxy,,,,,,,
43d1d4dbcb305c24b8c7225f,5cfe45544a2b6e40,diagnostic,horizontal_ordinal_ranking,source_point_x_tie_proxy,,,,,,,
528e977365df5d96fc451912,87ca816ffbac3239,diagnostic,horizontal_ordinal_ranking,source_point_x_tie_proxy,,,,,,,
95a8dd79bf958e615f0162a4,5070a076edf15961,diagnostic,horizontal_ordinal_ranking,source_point_x_tie_proxy,,,,,,,
219907bf8ffa53db084d38cb,d7d0497e2d33a29c,diagnostic,horizontal_ordinal_ranking,source_point_x_tie_proxy,,,,,,,
2306cfd6dfeca56a901b2658,0c21024eace986e4,diagnostic,horizontal_ordinal_ranking,source_point_x_tie_proxy,,,,,,,
8393d67d87d3948bca6a6ecf,bdbe88543344ebad,diagnostic,horizontal_ordinal_ranking,source_point_x_tie_proxy,,,,,,,
21c8921bc43a8ab8b1aeec14,d76957d98c73a801,diagnostic,horizontal_ordinal_ranking,source_point_x_tie_proxy,,,,,,,
66a14bc7007af54678c02c34,2fc1a8fb03fbb78b,diagnostic,horizontal_ordinal_ranking,source_point_x_tie_proxy,,,,,,,
06f4e32d5c6c1592e6976ded,5df2be8cd06f9d48,diagnostic,leftmost_ranking,source_point_x_tie_proxy,,,,,,,
188780403c981cba1a7a3d76,e2cb6bb759a0e2a3,diagnostic,leftmost_ranking,source_point_x_tie_proxy,,,,,,,
cc2bc154521402d8a5410f46,79e9e76cd822bb29,diagnostic,horizontal_ordinal_ranking,source_point_x_tie_proxy,,,,,,,
380edcec5890bb276d302c57,2e3b63471f18ce4e,diagnostic,horizontal_ordinal_ranking,source_point_x_tie_proxy,,,,,,,
79e00c83dc31f68d951b225f,81bb7775449e1e71,diagnostic,horizontal_ordinal_ranking,source_point_x_tie_proxy,,,,,,,
e6442bf178e7878ad292a0a9,acffa99d2ce015f2,diagnostic,rightmost_ranking,source_point_x_tie_proxy,,,,,,,
58f5ccd3917b3816230a8e4d,74fa19230c312000,diagnostic,horizontal_ordinal_ranking,source_point_x_tie_proxy,,,,,,,
f3ecc47d65a77d4f317ea3d1,b5e0deff202c8b04,diagnostic,leftmost_ranking,source_point_x_tie_proxy,,,,,,,
2f203ee888af12b258fe52db,12d6142d53490729,diagnostic,horizontal_ordinal_ranking,source_point_x_tie_proxy,,,,,,,
85bf31b031f1345cdbe81d3a,974e41d0adc7bdba,diagnostic,horizontal_ordinal_ranking,source_point_x_tie_proxy,,,,,,,
b7354fa3598bd3d216610e70,ac667ab09d1406e5,diagnostic,horizontal_ordinal_ranking,source_point_x_tie_proxy,,,,,,,
65d1953c416d2daeecbea99f,96f2b5623249b86d,diagnostic,horizontal_ordinal_ranking,source_point_x_tie_proxy,,,,,,,
08f442d66bfeb79e46598da9,9f49c612711480bd,diagnostic,horizontal_ordinal_ranking,source_point_x_tie_proxy,,,,,,,
4a02194f6361f035d2a81e12,0074c005dcd4f6d4,diagnostic,horizontal_ordinal_ranking,source_point_x_tie_proxy,,,,,,,
