scientific_status,method,bin_index,risk_lower,risk_upper,sample_count,family_count,mean_predicted_risk,empirical_error_rate
CALIBRATION_FIT_ONLY,spatial_raw_proxy,0,0.0,0.1,211,138,0.040725850123583505,0.13744075829383887
CALIBRATION_FIT_ONLY,spatial_raw_proxy,1,0.1,0.2,80,63,0.14298498094309897,0.425
CALIBRATION_FIT_ONLY,spatial_raw_proxy,2,0.2,0.30000000000000004,49,40,0.24812847476167868,0.3673469387755102
CALIBRATION_FIT_ONLY,spatial_raw_proxy,3,0.30000000000000004,0.4,57,48,0.3532695516458431,0.5087719298245614
CALIBRATION_FIT_ONLY,spatial_raw_proxy,4,0.4,0.5,44,37,0.4467969173481345,0.6363636363636364
CALIBRATION_FIT_ONLY,spatial_raw_proxy,5,0.5,0.6000000000000001,47,45,0.5434850122839509,0.5106382978723404
CALIBRATION_FIT_ONLY,spatial_raw_proxy,6,0.6000000000000001,0.7000000000000001,51,41,0.6537983623533066,0.5294117647058824
CALIBRATION_FIT_ONLY,spatial_raw_proxy,7,0.7000000000000001,0.8,59,56,0.7517233914441407,0.7288135593220338
CALIBRATION_FIT_ONLY,spatial_raw_proxy,8,0.8,0.9,71,55,0.8595698959380562,0.8169014084507042
CALIBRATION_FIT_ONLY,spatial_raw_proxy,9,0.9,1.0,331,194,0.9803650014259098,0.9969788519637462
CALIBRATION_FIT_ONLY,spatial_platt_fullfit,0,0.0,0.1,71,52,0.06754398513108617,0.09859154929577464
CALIBRATION_FIT_ONLY,spatial_platt_fullfit,1,0.1,0.2,96,73,0.14805467702858466,0.125
CALIBRATION_FIT_ONLY,spatial_platt_fullfit,2,0.2,0.30000000000000004,83,58,0.25121690379582695,0.3253012048192771
CALIBRATION_FIT_ONLY,spatial_platt_fullfit,3,0.30000000000000004,0.4,53,48,0.34790330013438,0.33962264150943394
CALIBRATION_FIT_ONLY,spatial_platt_fullfit,4,0.4,0.5,62,49,0.452281256598395,0.46774193548387094
CALIBRATION_FIT_ONLY,spatial_platt_fullfit,5,0.5,0.6000000000000001,72,59,0.5486806280192217,0.5833333333333334
CALIBRATION_FIT_ONLY,spatial_platt_fullfit,6,0.6000000000000001,0.7000000000000001,67,59,0.6475180806977202,0.5223880597014925
CALIBRATION_FIT_ONLY,spatial_platt_fullfit,7,0.7000000000000001,0.8,90,73,0.7489347039995708,0.6555555555555556
CALIBRATION_FIT_ONLY,spatial_platt_fullfit,8,0.8,0.9,99,76,0.854514018019874,0.8585858585858586
CALIBRATION_FIT_ONLY,spatial_platt_fullfit,9,0.9,1.0,307,193,0.9731924572521197,0.996742671009772
CALIBRATION_FIT_ONLY,spatial_platt_crossfit,0,0.0,0.1,74,53,0.06637323587513666,0.10810810810810811
CALIBRATION_FIT_ONLY,spatial_platt_crossfit,1,0.1,0.2,94,68,0.14842994142898183,0.1276595744680851
CALIBRATION_FIT_ONLY,spatial_platt_crossfit,2,0.2,0.30000000000000004,80,57,0.2494578816922528,0.3125
CALIBRATION_FIT_ONLY,spatial_platt_crossfit,3,0.30000000000000004,0.4,59,53,0.35178824190827057,0.3898305084745763
CALIBRATION_FIT_ONLY,spatial_platt_crossfit,4,0.4,0.5,59,48,0.4498714557495563,0.4745762711864407
CALIBRATION_FIT_ONLY,spatial_platt_crossfit,5,0.5,0.6000000000000001,74,61,0.5457257403390907,0.5540540540540541
CALIBRATION_FIT_ONLY,spatial_platt_crossfit,6,0.6000000000000001,0.7000000000000001,66,59,0.6503277983067965,0.5
CALIBRATION_FIT_ONLY,spatial_platt_crossfit,7,0.7000000000000001,0.8,89,74,0.7485252381602995,0.6741573033707865
CALIBRATION_FIT_ONLY,spatial_platt_crossfit,8,0.8,0.9,99,73,0.8556079104994261,0.8585858585858586
CALIBRATION_FIT_ONLY,spatial_platt_crossfit,9,0.9,1.0,306,193,0.9732378292395881,0.9967320261437909
CALIBRATION_FIT_ONLY,multimodal_raw_proxy,0,0.0,0.1,229,149,0.03786269345083466,0.16593886462882096
CALIBRATION_FIT_ONLY,multimodal_raw_proxy,1,0.1,0.2,74,61,0.1414934098278157,0.36486486486486486
CALIBRATION_FIT_ONLY,multimodal_raw_proxy,2,0.2,0.30000000000000004,49,39,0.24953695614294633,0.4489795918367347
CALIBRATION_FIT_ONLY,multimodal_raw_proxy,3,0.30000000000000004,0.4,57,51,0.3487836020943764,0.5789473684210527
CALIBRATION_FIT_ONLY,multimodal_raw_proxy,4,0.4,0.5,46,40,0.4522940340546418,0.5652173913043478
CALIBRATION_FIT_ONLY,multimodal_raw_proxy,5,0.5,0.6000000000000001,41,40,0.5440483778129128,0.4634146341463415
CALIBRATION_FIT_ONLY,multimodal_raw_proxy,6,0.6000000000000001,0.7000000000000001,56,46,0.6534387983170091,0.6071428571428571
CALIBRATION_FIT_ONLY,multimodal_raw_proxy,7,0.7000000000000001,0.8,48,45,0.7506235560190166,0.6875
CALIBRATION_FIT_ONLY,multimodal_raw_proxy,8,0.8,0.9,77,60,0.8569909651865217,0.8571428571428571
CALIBRATION_FIT_ONLY,multimodal_raw_proxy,9,0.9,1.0,323,193,0.9813030023379191,0.9969040247678018
CALIBRATION_FIT_ONLY,multimodal_platt_fullfit,0,0.0,0.1,73,54,0.06776228109643745,0.0958904109589041
CALIBRATION_FIT_ONLY,multimodal_platt_fullfit,1,0.1,0.2,97,73,0.14826667637051913,0.12371134020618557
CALIBRATION_FIT_ONLY,multimodal_platt_fullfit,2,0.2,0.30000000000000004,82,58,0.2521309410455591,0.35365853658536583
CALIBRATION_FIT_ONLY,multimodal_platt_fullfit,3,0.30000000000000004,0.4,51,46,0.34975773290752976,0.3333333333333333
CALIBRATION_FIT_ONLY,multimodal_platt_fullfit,4,0.4,0.5,58,47,0.4514412395974048,0.4482758620689655
CALIBRATION_FIT_ONLY,multimodal_platt_fullfit,5,0.5,0.6000000000000001,75,61,0.5490621479677184,0.5733333333333334
CALIBRATION_FIT_ONLY,multimodal_platt_fullfit,6,0.6000000000000001,0.7000000000000001,69,60,0.6496593491910936,0.5217391304347826
CALIBRATION_FIT_ONLY,multimodal_platt_fullfit,7,0.7000000000000001,0.8,91,75,0.7517368253498772,0.6703296703296703
CALIBRATION_FIT_ONLY,multimodal_platt_fullfit,8,0.8,0.9,99,74,0.8561701037631307,0.8585858585858586
CALIBRATION_FIT_ONLY,multimodal_platt_fullfit,9,0.9,1.0,305,193,0.9731162792340776,0.9967213114754099
CALIBRATION_FIT_ONLY,multimodal_platt_crossfit,0,0.0,0.1,76,55,0.06675034533805793,0.10526315789473684
CALIBRATION_FIT_ONLY,multimodal_platt_crossfit,1,0.1,0.2,95,69,0.14856446049884914,0.12631578947368421
CALIBRATION_FIT_ONLY,multimodal_platt_crossfit,2,0.2,0.30000000000000004,79,57,0.2506023160006593,0.3291139240506329
CALIBRATION_FIT_ONLY,multimodal_platt_crossfit,3,0.30000000000000004,0.4,53,48,0.34955686972166927,0.33962264150943394
CALIBRATION_FIT_ONLY,multimodal_platt_crossfit,4,0.4,0.5,64,49,0.45004198176894306,0.5
CALIBRATION_FIT_ONLY,multimodal_platt_crossfit,5,0.5,0.6000000000000001,68,56,0.5467731411739631,0.5441176470588235
CALIBRATION_FIT_ONLY,multimodal_platt_crossfit,6,0.6000000000000001,0.7000000000000001,69,60,0.6471136094868994,0.5362318840579711
CALIBRATION_FIT_ONLY,multimodal_platt_crossfit,7,0.7000000000000001,0.8,87,72,0.7462327038583816,0.6781609195402298
CALIBRATION_FIT_ONLY,multimodal_platt_crossfit,8,0.8,0.9,105,77,0.8538915478742638,0.8380952380952381
CALIBRATION_FIT_ONLY,multimodal_platt_crossfit,9,0.9,1.0,304,193,0.9731428403520429,0.9967105263157895
