scientific_status,calibrator,fold,train_families,held_out_families,train_samples,held_out_samples,held_out_errors,slope,intercept,optimizer_iterations
CALIBRATION_FIT_ONLY,spatial_platt,0,173,27,865,135,78,-0.6793984979662808,0.4936330003594412,12
CALIBRATION_FIT_ONLY,spatial_platt,1,151,49,755,245,159,-0.7069218636345932,0.3567296476510137,11
CALIBRATION_FIT_ONLY,spatial_platt,2,156,44,780,220,143,-0.6993327698594936,0.39460151084674916,11
CALIBRATION_FIT_ONLY,spatial_platt,3,164,36,820,180,107,-0.7097983379051018,0.5108501199583193,11
CALIBRATION_FIT_ONLY,spatial_platt,4,156,44,780,220,133,-0.6814724053998824,0.45500402807495904,11
CALIBRATION_FIT_ONLY,multimodal_platt,0,173,27,865,135,78,-0.6623428017358016,0.5699210058659632,12
CALIBRATION_FIT_ONLY,multimodal_platt,1,151,49,755,245,159,-0.6874987641225239,0.43426767369957503,12
CALIBRATION_FIT_ONLY,multimodal_platt,2,156,44,780,220,143,-0.6819202557512821,0.47528658941947965,11
CALIBRATION_FIT_ONLY,multimodal_platt,3,164,36,820,180,107,-0.6922335338632211,0.591041477639805,11
CALIBRATION_FIT_ONLY,multimodal_platt,4,156,44,780,220,133,-0.6645727602247805,0.5321565444523066,10
